row_id,icd9_code
-24.54004,1417.6881
-23.605225,1418.6713
-22.670898,1419.6542
-21.735718,1420.6361
-20.801147,1421.62
-19.844116,1423.6031
-18.886963,1425.5868
-17.952148,1426.5695
-17.016235,1427.5529
-16.073975,1428.5443
-15.131836,1429.5358
-14.130127,1433.5189
-13.168335,1435.507
-12.088013,1443.4796
-11.125732,1445.4686
-10.183228,1446.4596
-9.241333,1447.451
-8.298828,1448.4418
-7.3564453,1449.4327
-6.3551025,1453.4166
-7.6835938,148.39738
-4.2731934,1465.3717
-3.3306885,1466.3622
-2.3886719,1467.3541
-1.4462891,1468.3444
-0.50427246,1469.336
0.49768066,1473.3192
1.4593506,1475.3077
2.4020996,1476.2997
3.3442383,1477.2906
1.944458,150.0258
5.5439453,1495.2294
6.6243896,1503.203
7.586426,1505.1903
8.528931,1506.182
9.471436,1507.1735
10.512085,1513.1508
11.474243,1515.1393
12.416626,1516.1305
13.476929,1523.1056
11.58252,152.68889
12.552612,153.5756
13.521973,154.46379
14.491821,155.35002
15.461182,156.2382
16.440796,158.16154
23.903564,1706.9427
24.994507,1714.9264
25.929321,1715.909
26.863647,1716.8927
27.798706,1717.8746
28.867432,1724.86
29.802124,1725.8431
30.736938,1726.8258
31.671509,1727.808
32.606445,1728.7916
33.54126,1729.7743
34.52063,1732.7584
32.425537,1594.7963
33.368164,1595.7885
34.42859,1602.7633
31.818848,157.8676
36.51013,1614.7196
37.45276,1615.7101
38.39514,1616.702
39.43579,1622.6786
40.39795,1624.6678
41.477905,1632.6398
42.440063,1634.6283
43.38257,1635.62
44.442993,1642.5953
45.40515,1644.5839
46.347534,1645.5753
47.40808,1652.5499
48.37036,1654.5385
49.312378,1655.5299
50.255005,1656.5214
51.197144,1657.5116
52.13965,1658.5026
53.081787,1659.4948
54.06372,1662.4801
55.025513,1664.4686
55.968384,1665.4601
57.067993,1674.4296
53.57129,53.409595
54.57544,54.32024
55.579712,55.230396
56.583984,56.140064
57.588135,57.049732
58.592773,57.960377
59.59729,58.870533
60.601807,59.781178
61.605835,60.68987
62.610474,61.60198
63.614624,62.511158
64.61914,63.421803
65.62915,64.4013
66.63989,65.388115
67.65027,66.37542
68.662964,69.39056
69.67322,70.37786
70.68396,71.365166
71.69458,72.35198
72.705444,73.339775
73.7157,74.32513
74.72644,75.311455
75.736694,76.29925
76.75,80.33001
77.76099,81.316826
78.771484,82.30364
79.78198,83.29046
80.79248,84.27825
81.80322,85.26507
82.81726,90.3095
83.82788,91.29534
84.84363,98.36858
85.854126,99.35735
86.86487,100.34466
87.87537,101.331474
88.88611,102.31829
89.89685,103.30511
90.907104,104.2929
91.91809,105.27874
92.92859,106.26556
93.93921,107.251396
94.95032,108.23968
95.96045,109.226494
96.97107,110.21331
97.98181,111.200615
98.99194,112.18694
100.002686,113.17425
101.013306,114.161064
102.02429,115.14788
103.03491,116.13567
104.04541,117.122
105.05615,118.10833
105.95654,-11.775462
106.9668,-10.788646
107.97778,-9.800853
108.9928,-3.7422588
110.00342,-2.754954
111.01404,-1.767161
112.02478,-0.7808329
113.03552,0.20598349
114.045654,1.1927999
115.0564,2.1796162
116.06738,3.1678975
117.07764,4.1532493
118.088135,5.140554
119.09863,6.128347
120.11047,8.128346
121.12097,9.115163
122.131714,10.103444
123.142456,11.089772
124.152954,12.075612
125.16528,15.092702
126.175415,16.07952
127.1875,18.080984
128.198,19.068289
129.2085,20.05364
130.21948,21.040945
131.22974,22.029226
132.24316,26.058523
133.25366,27.045828
134.26392,28.032156
135.27478,29.019949
136.28552,30.007254
137.29626,30.993582
138.30676,31.97991
139.31738,32.966724
140.32776,33.95403
141.3385,34.941334
142.349,35.92766
143.35974,36.91448
144.37085,37.901783
145.38123,38.8886
146.39185,39.87444
147.40247,40.862232
148.41296,41.84905
149.42334,42.836353
150.43408,43.823658
151.44458,44.809986
152.45544,45.79778
153.46606,46.78313
154.4768,47.770924
155.48706,48.75725
156.72607,321.6308
157.73682,322.6176
158.75256,329.69183
159.35535,21.15618
160.78235,341.81
161.79297,342.7973
162.80347,343.78363
163.81824,349.8437
164.34729,23.413015
165.84863,361.96332
166.85876,362.94916
167.87439,370.02338
168.3446,25.603933
169.90356,381.12787
170.91394,382.1142
171.92493,383.101
172.9353,384.08832
173.94592,385.07513
174.95679,386.06244
175.96729,387.04828
176.97778,388.03656
177.98828,389.0224
178.9989,390.00922
180.01038,392.01117
181.02124,392.99847
182.03198,393.9848
183.04224,394.9721
184.05298,395.9594
185.06396,396.94525
186.07397,397.93207
186.90833,188.9174
187.91907,189.90569
188.92969,190.89299
189.94019,191.87883
190.95044,192.86516
191.96143,193.85149
192.97217,194.83928
193.98547,198.86955
194.99585,199.85783
196.00671,200.84416
197.01721,201.83
198.03271,208.90422
199.04358,209.89201
200.06067,218.99455
201.07153,219.98088
202.08228,220.9677
203.09277,221.955
204.10376,222.94328
205.1167,226.97258
206.12817,228.97356
207.13867,229.96037
208.14929,230.94817
209.19983,279.61517
210.21082,280.60297
211.22119,281.59076
212.23169,282.57758
213.24243,283.5639
214.25317,284.5512
215.2655,287.56732
216.27698,289.5678
217.28748,290.5551
218.3031,297.62836
218.0199,22.146902
220.33289,309.748
221.34949,317.83588
221.90564,118.711845
222.9093,119.74114
223.96753,126.55364
224.97961,128.54631
225.98376,129.5756
227.05994,138.31438
228.06348,139.34416
229.06726,140.37346
230.11621,146.22112
229.82239,8.4808855
232.896,840.0004
233.90967,845.04486
234.92114,847.0468
235.93188,848.03265
236.94775,855.1069
237.95898,857.1093
238.96973,858.09515
239.98047,859.082
240.99072,860.06976
242.00525,865.1142
243.01575,866.1005
244.02612,867.0883
245.03687,868.07465
246.0476,869.06146
247.0581,870.04926
248.07397,877.123
249.08447,878.1093
250.09497,879.0966
251.10596,880.08344
252.11646,881.07025
253.1272,882.05756
254.13757,883.0444
255.14929,885.04535
256.16077,887.0468
257.1709,888.0346
258.1814,889.02094
259.19666,895.081
258.34277,81.6347
261.2262,907.19916
262.23718,908.18646
263.25293,915.2602
264.26318,916.2475
265.27417,917.23334
266.28467,918.2211
267.29517,919.20844
266.32788,85.05218
269.3302,937.414
270.34082,938.4003
271.35156,939.3881
272.36206,940.37445
273.37573,945.4194
274.3877,947.42035
275.39795,948.4086
276.4087,949.3945
277.4237,955.4545
276.3026,88.60003
279.4535,967.5727
280.464,968.56
281.47424,969.5463
282.4911,977.6347
283.50183,978.62103
284.51245,979.6093
285.03467,399.28705
286.0454,400.27484
287.0609,407.34857
285.7638,37.219166
286.76746,38.24895
290.10938,429.5849
291.11975,430.57172
292.1305,431.55756
293.1411,432.54437
294.1549,437.59027
292.75452,40.57073
293.7578,41.601
297.20312,459.8261
298.21338,460.81244
299.22412,461.79974
300.2351,462.78656
301.2456,463.77484
302.2561,464.7602
303.26843,467.7768
304.27917,468.76312
305.28992,469.75043
306.30603,477.8388
307.31775,479.84076
308.32825,480.8271
309.339,481.8139
310.35364,487.87347
308.7157,46.441822
312.38354,499.99213
313.40015,508.081
314.41187,510.08197
315.42224,511.0688
316.43274,512.0556
317.44373,513.0429
318.4541,514.02924
319.4673,518.06
320.47888,520.06195
321.48938,521.0483
322.50513,528.1225
323.5509,570.70404
324.56738,578.7924
322.7234,56.035572
326.59705,590.9106
327.6073,591.8979
328.62305,598.9711
329.63477,600.9736
330.6454,601.9604
331.65588,602.9472
332.67114,609.00726
330.7091,59.453053
334.70093,621.1254
335.71692,629.2133
333.7113,61.57854
337.74634,640.3183
338.75684,641.3046
339.76746,642.29144
337.7085,63.768482
338.71228,64.79681
342.82153,671.62885
343.83813,679.7177
344.84973,681.72015
345.86,682.7065
346.87073,683.6928
347.88147,684.67914
348.8922,685.66693
349.90454,688.68353
350.91504,689.6694
351.92578,690.6567
352.9364,691.644
353.94666,692.6303
354.96436,701.7338
355.97485,702.72064
356.98547,703.70746
357.99622,704.69476
359.0067,705.6811
360.01758,706.6684
361.02808,707.6547
362.03967,709.6567
363.0509,711.65765
364.0614,712.64496
365.07727,719.7187
362.64087,72.15862
367.10718,731.8388
368.11755,732.82416
369.12817,733.81146
370.13916,734.7978
371.14954,735.7851
372.16248,739.81586
373.1742,741.8173
374.1848,742.8046
375.1952,743.79047
376.2058,744.7778
377.21997,749.8222
378.23132,751.82416
379.24194,752.8105
380.25293,753.79877
381.26318,754.7841
382.2738,755.7714
383.28638,758.788
384.297,759.7753
385.30847,761.7768
386.31885,762.7636
387.33447,769.83685
388.34534,770.82416
389.35583,771.8105
390.36658,772.7968
391.37695,773.7846
392.38782,774.7714
393.40344,781.84564
394.41382,782.832
395.4248,783.8188
396.4353,784.8066
397.44604,785.7934
398.4585,788.8095
399.46887,789.79535
400.48047,791.7973
401.49097,792.7846
402.50708,799.85785
403.51794,801.8593
404.5349,809.9482
405.5454,810.935
406.55615,811.9218
407.5664,812.9091
408.5774,813.89496
409.58813,814.88226
410.5984,815.8691
411.6134,821.92816
412.62415,822.91595
413.63452,823.90326
414.64514,824.8901
415.65613,825.8769
416.6665,826.8632
417.677,827.84955
418.688,828.8378
419.69983,831.85345
420.71057,832.84076
421.72095,833.8271
423.17712,1418.66
424.17517,1419.7374
428.47534,2930.9304
429.44897,2931.9353
430.54468,2937.9912
425.31372,289.14496
432.73584,2950.1045
433.7096,2951.1091
434.68323,2952.1145
435.65637,2953.1191
436.7279,2958.1653
443.99072,3317.096
444.95166,3318.1309
445.92493,3319.1511
446.8988,3320.1711
447.87244,3321.1912
448.84583,3322.2112
449.8197,3323.2317
450.7932,3324.2517
451.78394,3326.2566
452.75732,3327.2769
453.73108,3328.297
454.70483,3329.3171
455.7467,3334.2754
456.73718,3336.2805
457.71106,3337.3008
458.68457,3338.3208
459.72668,3343.2793
460.7002,3344.2993
461.67395,3345.3198
462.64734,3346.34
463.62122,3347.36
452.55115,331.39545
465.85876,3366.1384
466.8324,3367.1592
467.80566,3368.179
468.84814,3373.1377
469.82178,3374.1577
470.98315,3386.0083
471.9568,3387.0283
472.9303,3388.0488
473.9723,3393.0076
474.9458,3394.0278
475.93665,3396.0322
476.91016,3397.0525
477.88416,3398.0725
478.85742,3399.093
479.83118,3400.113
480.80457,3401.133
481.8125,3404.1228
470.50232,337.39886
483.91345,3415.0244
484.8871,3416.0447
485.8606,3417.0647
486.8346,3418.085
487.80798,3419.1055
488.78125,3420.1257
489.75513,3421.1453
490.729,3422.1655
491.7025,3423.1858
492.67603,3424.2063
481.46277,340.04828
482.46643,341.07855
496.26318,3465.666
497.2367,3466.686
498.21057,3467.7068
499.1842,3468.7263
500.2262,3473.6853
501.2168,3475.6902
502.1903,3476.7104
503.16382,3477.7302
504.13757,3478.7505
505.11108,3479.771
506.13623,3483.7449
507.12695,3485.7493
508.1006,3486.7695
509.0741,3487.7898
510.13306,3493.733
511.1068,3494.7532
512.08044,3495.7732
513.05383,3496.7935
514.02747,3497.8135
515.00134,3498.8333
515.97473,3499.854
516.94824,3500.874
517.9219,3501.8943
518.8954,3502.9143
519.869,3503.9346
520.8429,3504.9546
521.8163,3505.9749
522.79016,3506.9958
523.7637,3508.0154
524.7372,3509.0354
525.7965,3514.979
526.77014,3515.999
527.7434,3517.0193
528.7173,3518.0388
528.6023,3447.3533
529.5851,3448.384
530.6504,3455.2993
520.28613,345.5058
520.95654,310.87836
521.9601,311.90814
528.95935,3121.333
530.1034,3129.4102
524.9623,314.03217
532.2949,3141.5237
533.26855,3142.528
534.2422,3143.5332
535.2158,3144.5386
536.18945,3145.5435
537.2119,3148.5686
538.18567,3149.5735
532.93896,316.48676
540.37683,3161.6868
541.35034,3162.6914
542.3241,3163.6963
543.2976,3164.7014
544.36914,3169.7476
545.36694,3171.763
546.3406,3172.7676
547.3141,3173.7727
548.28796,3174.7766
549.2612,3175.7825
550.3081,3179.818
551.5504,3191.9368
552.5239,3192.9414
553.4977,3193.9463
554.47107,3194.9514
555.44556,3195.9565
556.46716,3198.982
557.4409,3199.9866
558.4391,3202.0017
559.58325,3210.0793
553.88306,323.64935
561.7505,3221.1821
562.72424,3222.1868
563.6974,3223.1914
564.67126,3224.1963
565.6449,3225.2014
566.6185,3226.2065
567.59216,3227.2114
568.5658,3228.2158
569.5393,3229.2212
570.51294,3230.226
571.4868,3231.231
572.65564,3240.3179
573.6533,3242.333
574.798,3250.411
575.7717,3251.4155
576.9407,3260.5032
570.83936,329.58588
571.8611,332.54193
572.865,333.5727
573.8689,334.6015
583.02795,3321.7036
584.0106,3322.7332
590.0928,3685.5168
591.2926,3693.0327
579.194,372.5136
593.52356,3703.474
594.4874,3704.5632
595.45154,3705.6528
596.651,3713.1687
597.61487,3714.2576
595.5028,3522.301
596.4855,3523.3308
597.4685,3524.361
598.4513,3525.3909
599.4343,3526.4214
600.44434,3529.4128
601.4271,3530.4429
602.41003,3531.4731
603.3927,3532.503
604.37585,3533.5325
605.39954,3537.5056
606.39575,3539.5168
607.3789,3540.5466
608.45715,3548.443
609.4397,3549.4731
610.4227,3550.5032
611.4054,3551.5332
612.38806,3552.5635
613.3712,3553.5933
614.40857,3558.5474
615.3915,3559.5771
616.3739,3560.6067
617.3572,3561.6372
618.42175,3568.5522
619.40454,3569.5825
620.38745,3570.6125
621.3701,3571.6428
622.44885,3579.5393
623.43115,3580.5693
624.4142,3581.5986
625.3971,3582.6292
626.4613,3589.5447
627.44446,3590.5752
628.42725,3591.6052
629.41003,3592.635
630.39307,3593.6648
631.37585,3594.6948
632.35876,3595.7253
633.3412,3596.755
634.3242,3597.7847
635.348,3601.7578
636.33093,3602.7883
637.3273,3604.7986
638.30994,3605.8286
639.3065,3607.8398
640.28955,3608.8699
641.2722,3609.9001
642.2549,3610.9302
643.2379,3611.9602
644.22046,3612.9905
645.2035,3614.02
646.1865,3615.05
647.1692,3616.08
648.1658,3618.0913
638.8086,368.7514
650.2677,3629.9604
651.25037,3630.9907
652.2334,3632.0203
653.2162,3633.0505
654.2534,3638.0042
657.4464,3797.9424
658.4293,3798.972
659.41223,3800.0027
660.39514,3801.0325
661.37805,3802.0627
662.3606,3803.0928
663.3434,3804.1226
664.3263,3805.153
665.3091,3806.1829
666.2921,3807.2122
667.2749,3808.2432
668.25757,3809.2727
669.2405,3810.3027
670.2234,3811.3328
671.20605,3812.363
672.2024,3814.3733
673.21265,3817.3662
674.1952,3818.396
675.17834,3819.4263
676.1614,3820.4563
677.1439,3821.4863
678.12683,3822.5159
679.1371,3825.508
680.11975,3826.538
681.1024,3827.5679
682.0852,3828.5981
683.06836,3829.6282
684.05115,3830.658
685.0337,3831.688
686.0167,3832.7185
686.9995,3833.748
687.9823,3834.778
688.9651,3835.8083
689.948,3836.8381
690.9308,3837.8684
691.9138,3838.8982
692.89624,3839.9282
693.8793,3840.9587
694.86194,3841.9888
695.845,3843.0186
696.8279,3844.0483
697.81067,3845.0786
698.79346,3846.1086
699.77625,3847.1387
700.75903,3848.1685
701.7417,3849.1987
702.72485,3850.2288
703.7212,3852.2395
704.7178,3854.251
705.71423,3856.2615
706.6968,3857.2917
707.6797,3858.3218
708.66235,3859.351
709.6455,3860.3818
711.09216,3894.7627
712.07495,3895.7932
700.9795,398.1806
702.0099,399.0312
715.3545,3916.892
716.33545,3917.9368
717.31665,3918.9822
718.2977,3920.0266
719.27893,3921.0715
720.25977,3922.116
721.2411,3923.1611
722.22217,3924.2053
723.2036,3925.2507
724.1843,3926.2954
725.1659,3927.3406
726.1467,3928.385
727.36414,3936.1638
728.3451,3937.2083
729.3263,3938.2532
730.45496,3943.5073
731.43616,3944.5515
732.4171,3945.5962
733.3983,3946.641
734.37964,3947.686
735.3607,3948.7307
736.34155,3949.7751
737.3231,3950.8203
738.3041,3951.865
739.28516,3952.91
740.26636,3953.9546
741.2771,3955.8416
742.2582,3956.8862
743.23926,3957.9312
744.22034,3958.9756
745.20154,3960.0205
746.18286,3961.0652
747.282,3965.477
748.26294,3966.522
749.24414,3967.5664
750.2252,3968.6116
751.20654,3969.6562
752.1876,3970.7012
753.1688,3971.7458
754.1499,3972.7908
755.131,3973.8352
756.1417,3975.7217
757.1228,3976.7666
758.1039,3977.8118
759.0856,3978.8564
760.0663,3979.9011
761.0475,3980.946
762.02844,3981.9905
763.00964,3983.0356
761.995,3864.0151
762.9778,3865.0454
763.9607,3866.0752
764.9435,3867.1052
765.92615,3868.1353
766.9088,3869.1658
759.6592,385.79193
768.99756,3880.0535
769.98035,3881.0837
770.963,3882.1138
771.94604,3883.1438
772.92883,3884.1738
773.9114,3885.204
774.8943,3886.2334
775.8772,3887.2634
776.8602,3888.294
777.84265,3889.3242
778.83936,3891.3347
779.822,3892.3652
780.80493,3893.395
781.7877,3894.4253
782.7705,3895.4553
783.7671,3897.466
782.34863,3725.8555
783.3319,3726.8845
784.3146,3727.915
785.29724,3728.9453
786.28015,3729.9756
787.26306,3731.0051
788.24585,3732.036
788.9812,1674.9784
789.9973,1682.0531
791.00854,1684.0541
792.0193,1685.0409
793.0298,1686.0275
794.04395,1691.0726
795.05457,1692.0594
796.0746,1704.2062
797.0852,1705.1932
795.68274,984.90717
796.7494,992.68207
794.76196,101.476006
795.78796,102.39007
799.9319,1014.0805
800.99915,1021.8559
802.0117,1023.84906
803.0155,1024.8788
804.0194,1025.9076
805.0863,1033.683
806.08997,1034.7128
807.09375,1035.7421
808.0974,1036.7714
809.1373,1041.6556
807.03894,105.85638
808.0641,106.79583
812.5001,1082.3285
813.567,1090.1039
811.1443,110.55999
812.1692,111.49798
816.74927,1111.5013
817.7533,1112.5306
818.8114,1119.3427
819.824,1121.3353
820.82764,1122.3651
821.88574,1129.1776
822.8987,1131.1693
823.90234,1132.1991
824.90576,1133.2289
825.95483,1139.0765
826.96765,1141.0702
827.97156,1142.1
828.97546,1143.1283
830.0242,1148.9769
831.02795,1150.0072
832.03174,1151.036
833.03564,1152.0648
834.0392,1153.0951
835.0431,1154.1239
836.08276,1159.0077
837.09546,1161.0018
838.0995,1162.0311
839.1033,1163.0594
840.1072,1164.0892
841.11084,1165.119
842.11475,1166.1488
843.1366,1169.1063
844.2394,1180.7352
845.2433,1181.7655
846.301,1188.576
847.3047,1189.6058
848.3086,1190.6351
849.31226,1191.6654
850.38806,1200.4042
851.39233,1201.433
852.396,1202.4633
853.3994,1203.4926
854.4575,1210.3046
855.4613,1211.3334
856.51904,1218.1454
857.532,1220.1381
858.53564,1221.1683
859.5397,1222.1967
860.5432,1223.2264
861.5471,1224.2562
862.5781,1228.1761
863.5818,1229.2064
864.5856,1230.2352
865.58923,1231.265
866.59314,1232.2943
867.5968,1233.3236
868.65466,1240.1351
869.65845,1241.1654
870.66235,1242.1947
871.6658,1243.223
872.6698,1244.2538
873.7007,1248.1732
874.7135,1250.1674
875.7174,1251.1957
876.72107,1252.2255
877.72485,1253.2552
878.72864,1254.2845
879.7323,1255.3138
880.7363,1256.3436
881.7489,1258.3363
882.7617,1260.3304
883.7655,1261.3597
884.7693,1262.389
885.7731,1263.4183
886.813,1268.3016
887.8257,1270.2963
888.8296,1271.3251
889.83325,1272.3549
890.8368,1273.3837
891.8408,1274.4144
892.8445,1275.4423
893.84863,1276.472
894.8522,1277.5018
895.85596,1278.5311
896.8689,1280.5243
897.87256,1281.5536
898.87634,1282.5834
899.9071,1286.5033
900.91113,1287.5336
901.9148,1288.5634
902.91846,1289.5922
903.92236,1290.6215
904.926,1291.6512
906.00195,1300.3905
907.06885,1308.1654
905.08875,130.43254
906.114,131.3715
910.25146,1329.5638
911.2556,1330.5931
912.25916,1331.6224
913.3258,1339.3978
914.3928,1347.1727
915.43274,1352.057
916.4365,1353.0873
917.4404,1354.1161
918.462,1357.0736
919.46576,1358.1024
920.4696,1359.1317
921.47327,1360.1615
919.39844,135.97502
923.6251,1377.6388
924.629,1378.6688
925.70483,1387.4081
926.7085,1388.4366
927.71246,1389.4667
928.78827,1398.2054
929.85535,1405.9808
931.6489,2017.0336
932.6657,2025.1212
933.67633,2026.1088
934.692,2033.183
935.70355,2035.1842
936.7142,2036.171
937.72974,2043.2448
938.7414,2045.2474
939.758,2053.3347
940.7693,2055.3362
941.7799,2056.3237
942.7975,2065.4263
943.52594,1730.6134
944.53656,1731.6002
945.5472,1732.5873
946.5579,1733.5743
947.56836,1734.5614
948.58154,1738.5914
949.5931,1740.5929
950.6038,1741.5804
951.6143,1742.567
952.6249,1743.5536
953.6358,1744.5406
954.646,1745.5272
955.6601,1750.5724
956.67065,1751.5594
957.6816,1752.5465
958.6963,1758.6053
959.7069,1759.5927
960.7174,1760.5795
961.7358,1770.6969
962.7625,1790.9594
963.77313,1791.9469
964.78894,1799.0199
965.80066,1801.0219
966.811,1802.0082
967.82697,1809.0826
968.8381,1811.0844
969.85486,1819.172
970.8663,1821.1735
971.883,1829.2621
969.6109,179.10832
970.6358,180.04631
971.6608,180.98479
975.94934,1861.6154
976.95984,1862.6022
977.97565,1869.6764
975.7562,183.78947
976.78094,184.72697
981.0321,1902.0577
982.0486,1910.1459
983.06024,1912.1476
984.0767,1920.236
981.8959,187.52043
982.9209,188.4594
987.1258,1943.4867
988.1363,1944.4735
989.1469,1945.4608
990.1578,1946.4476
988.0309,190.30315
989.0662,193.14006
993.22595,1993.0314
994.2427,2001.12
992.1362,195.00578
996.27246,2013.2391
997.2831,2014.226
995.3761,228.20207
999.5991,2367.217
1000.60974,2368.2036
1001.6205,2369.191
1002.63086,2370.1777
1000.49646,231.94572
1004.6991,2408.6704
1005.71515,2409.657
1006.76227,2416.725
1004.5862,233.79924
1008.8464,2428.8342
1009.8622,2429.8203
1010.9094,2436.8887
1008.6762,235.65373
1009.7011,236.59172
1010.72614,237.53069
1011.7513,238.46867
1012.77637,239.40764
1017.2456,2489.436
1018.29816,2497.518
1019.3192,2499.5183
1020.335,2500.504
1021.6447,2558.2588
1022.8233,2590.6704
1023.83923,2591.6565
1024.8547,2592.6426
1025.8705,2593.628
1026.9072,2598.6692
1024.0573,250.67863
1028.9915,2610.778
1030.0072,2611.7646
1031.0544,2618.8328
1032.0757,2620.8323
1033.128,2628.915
1034.144,2629.901
1035.1595,2630.887
1036.1755,2631.8733
1037.2333,2640.9692
1038.249,2641.9548
1039.2964,2649.0227
1040.5273,2691.572
1041.5798,2699.6538
1038.3873,260.01898
1042.6033,2506.9902
1040.3292,241.95891
1041.3541,242.89641
1042.3794,243.83488
1043.4043,244.77385
1047.8765,2549.4282
1047.814,2063.5715
1048.8297,2070.6458
1047.2471,201.05656
1050.8594,2082.7642
1051.8699,2083.751
1052.8809,2084.738
1053.8914,2085.725
1054.9019,2086.7122
1055.9124,2087.699
1056.9231,2088.6858
1057.9336,2089.6726
1058.9443,2090.6594
1059.955,2091.6462
1060.9656,2092.6333
1061.9763,2093.6204
1062.9868,2094.6074
1063.9974,2095.5942
1065.008,2096.581
1066.0188,2097.5679
1067.0293,2098.5552
1068.0406,2100.5562
1066.6407,203.69572
1070.0704,2112.6755
1071.0812,2113.662
1072.0969,2120.7363
1073.1074,2121.7227
1074.1182,2122.71
1075.1289,2123.6965
1073.5927,206.47356
1074.5432,207.41594
1078.1826,2153.0342
1079.1934,2154.0212
1080.2092,2161.0952
1081.2205,2163.097
1082.231,2164.0835
1083.2485,2173.1865
1084.2593,2174.1736
1085.27,2175.1604
1086.2803,2176.1475
1087.2911,2177.135
1088.3018,2178.121
1089.3124,2179.108
1090.323,2180.0947
1091.3336,2181.082
1092.3452,2183.083
1093.3616,2191.1716
1094.3723,2192.1587
1095.383,2193.1455
1096.3936,2194.1328
1097.4108,2203.2358
1098.4215,2204.222
1099.4373,2211.2961
1096.0244,213.88176
1101.467,2223.415
1102.4836,2231.504
1103.4951,2233.5046
1104.5057,2234.4917
1105.5222,2242.58
1106.5328,2243.5671
1107.5435,2244.554
1108.5541,2245.5408
1109.5701,2252.6147
1110.5803,2253.6018
1111.591,2254.5886
1112.6018,2255.5752
1113.6125,2256.5625
1114.6282,2263.6367
1115.6447,2271.7246
1111.0186,220.40276
1117.683,2293.989
1118.6993,2302.0776
1119.7109,2304.0786
1120.7275,2312.167
1115.724,223.21037
1116.6746,224.15129
1123.7754,2334.4033
1124.7864,2335.3904
1125.7969,2336.3772
1126.8118,2342.437
1121.3555,226.01164
1132.0765,2992.9143
1133.0916,2993.907
1134.1632,3000.7717
1135.1877,3002.7432
1136.2688,3010.587
1128.4961,288.5805
1138.3932,3022.3594
1139.4082,3023.3518
1140.48,3030.2168
1132.2505,290.4477
1133.201,291.3891
1133.4922,260.15326
1142.7485,2719.1838
1143.7644,2720.1697
1144.7802,2721.1558
1145.7959,2722.142
1146.8326,2727.1829
1147.8536,2729.1829
1148.8695,2730.1687
1149.9274,2739.265
1150.9431,2740.2505
1151.959,2741.2366
1153.0007,2747.291
1154.022,2749.2905
1155.0376,2750.277
1156.0532,2751.2632
1157.0693,2752.2488
1158.085,2753.2349
1159.1008,2754.221
1160.1166,2755.2073
1161.1377,2757.2068
1162.1587,2759.2063
1163.1743,2760.1921
1164.1903,2761.1782
1165.206,2762.1646
1166.2429,2767.2056
1167.2638,2769.2053
1168.2795,2770.1912
1169.2952,2771.1772
1170.3372,2777.2314
1171.4109,2789.3684
1172.4268,2790.3552
1173.474,2797.4233
1165.5651,269.5771
1175.5581,2809.5322
1176.6106,2817.6143
1168.5886,271.55267
1169.6013,272.52582
1170.6135,273.4975
1171.6263,274.47113
1172.6389,275.4438
1173.6514,276.41693
1184.0623,2890.4087
1185.0781,2891.395
1186.1255,2898.4631
1177.6873,279.3642
1188.2092,2910.5728
1189.2251,2911.5586
1190.2726,2918.627
1181.709,281.3686
1192.3567,2930.7363
1199.9634,5265.0303
1200.8711,5266.351
1201.779,5267.673
1202.6868,5268.9937
1203.5946,5270.315
1204.5024,5271.6357
1205.4104,5272.957
1206.7288,5278.896
1207.6365,5280.2173
1208.5444,5281.5386
1209.4523,5282.8594
1210.3601,5284.1807
1211.2681,5285.502
1212.1758,5286.8228
1213.0835,5288.1445
1213.9915,5289.4653
1214.8992,5290.7866
1215.8071,5292.1074
1216.7148,5293.4287
1217.6227,5294.75
1218.5304,5296.071
1219.7671,5301.0864
1220.6748,5302.4077
1221.5825,5303.7285
1222.4905,5305.05
1223.3982,5306.371
1224.3059,5307.6924
1225.2139,5309.013
1226.1217,5310.3345
1227.2761,5314.4263
1228.7588,5322.213
1229.7488,5324.4575
1231.2317,5332.2437
1232.2217,5334.4883
1233.1294,5335.8096
1234.0374,5337.1304
1235.356,5343.07
1236.3457,5345.3145
1237.8286,5353.1006
1238.8186,5355.345
1239.7263,5356.666
1240.6343,5357.9873
1241.9529,5363.9263
1242.9427,5366.1714
1243.8506,5367.492
1244.9226,5370.6606
1246.1592,5375.6763
1247.0669,5376.9976
1247.9749,5378.319
1248.8827,5379.6396
1249.7904,5380.961
1238.1521,516.0229
1239.1648,516.99603
1254.4855,5407.0903
1255.3932,5408.411
1256.794,5415.274
1257.7839,5417.5186
1258.6919,5418.84
1259.5996,5420.161
1260.5074,5421.4824
1261.4153,5422.803
1262.5696,5426.895
1249.4465,519.07367
1250.485,519.94183
1266.9667,5448.296
1268.5497,5455.9844
1269.5383,5458.2305
1270.4279,5459.5693
1271.3174,5460.908
1272.2068,5462.247
1273.8,5468.8643
1274.6782,5470.22
1275.5562,5471.576
1276.4342,5472.932
1277.312,5474.2886
1280.7327,5488.3047
1281.5908,5489.6523
1282.449,5491.0005
1283.307,5492.348
1284.1653,5493.696
1285.0236,5495.0435
1285.8817,5496.3916
1286.74,5497.7393
1287.5981,5499.0874
1288.6426,5501.2705
1280.0026,3726.185
1281.0144,3728.1716
1282.0352,3729.1504
1283.0557,3730.1292
1284.0764,3731.1077
1285.0972,3732.0862
1286.1179,3733.0652
1287.1384,3734.0437
1288.1328,3738.047
1289.0923,3746.0845
1290.1042,3748.0715
1291.1249,3749.05
1292.1456,3750.0286
1293.1661,3751.0076
1294.1868,3751.9858
1295.1726,3756.998
1296.1934,3757.9768
1297.2139,3758.9556
1298.2346,3759.9343
1299.2554,3760.9128
1300.2759,3761.8914
1301.2966,3762.8699
1302.3171,3763.8484
1303.3379,3764.8274
1304.3499,3766.8142
1305.3706,3767.7927
1306.3911,3768.7717
1307.4119,3769.7502
1308.4326,3770.7288
1309.4531,3771.7073
1310.4739,3772.686
1311.4946,3773.6646
1312.5151,3774.6433
1313.5359,3775.622
1314.5564,3776.6006
1315.5771,3777.579
1316.5979,3778.558
1317.6185,3779.5369
1318.6304,3781.524
1319.6512,3782.5022
1320.6719,3783.4807
1321.6836,3785.468
1322.7041,3786.4463
1323.7251,3787.425
1324.7412,3788.4111
1325.7563,3789.3994
1326.7716,3790.3875
1327.7867,3791.3752
1328.802,3792.3635
1329.8171,3793.3516
1330.8323,3794.3398
1331.8474,3795.3276
1332.8625,3796.3157
1333.8778,3797.3037
1336.0513,4381.952
1337.0708,4383.9927
1338.0266,4392.717
1339.0569,4393.6436
1340.0872,4394.57
1341.1174,4395.4966
1342.1478,4396.4233
1343.1036,4405.147
1344.1338,4406.0737
1345.1642,4407.0005
1346.1943,4407.927
1347.2246,4408.8535
1348.2229,4413.122
1349.2427,4415.162
1350.2731,4416.089
1351.2393,4423.6987
1352.2588,4425.7393
1353.2891,4426.666
1354.2664,4433.162
1355.2964,4434.089
1356.3269,4435.015
1357.357,4435.942
1358.3875,4436.8687
1359.4176,4437.7954
1360.448,4438.7217
1361.4355,4444.1045
1352.0426,421.06
1363.3898,4457.096
1364.4199,4458.023
1365.4504,4458.9497
1366.4807,4459.876
1367.5109,4460.8027
1368.5411,4461.7295
1369.5715,4462.656
1370.6018,4463.5825
1371.6321,4464.5093
1372.4387,4488.8276
1373.4689,4489.7544
1374.4993,4490.6807
1375.5295,4491.6074
1376.5598,4492.534
1377.5901,4493.4604
1378.6204,4494.387
1379.6506,4495.314
1380.681,4496.2407
1381.7112,4497.167
1382.7415,4498.094
1383.7717,4499.0205
1384.8022,4499.9473
1385.7578,4508.671
1386.7881,4509.5977
1387.8184,4510.5244
1388.8486,4511.4507
1389.8789,4512.3774
1390.9092,4513.304
1391.9182,4516.4585
1392.938,4518.499
1393.9681,4519.426
1394.9985,4520.352
1396.0288,4521.279
1397.0591,4522.2056
1398.0894,4523.132
1399.1196,4524.0586
1400.1499,4524.9854
1401.1802,4525.912
1402.2104,4526.8384
1403.241,4527.765
1404.2711,4528.692
1405.3014,4529.6187
1404.3462,3984.7036
1405.367,3985.6821
1406.3877,3986.6611
1407.4082,3987.6396
1408.429,3988.6184
1409.4495,3989.5967
1410.4702,3990.5752
1411.491,3991.554
1412.5116,3992.5327
1413.5322,3993.5115
1414.5518,3994.4902
1405.2715,384.24164
1416.492,4006.5332
1417.4426,4014.5713
1418.4512,4016.559
1419.4695,4017.538
1420.4877,4018.517
1421.5059,4019.496
1422.4856,4024.509
1413.2485,387.7475
1424.4353,4035.5435
1425.4536,4036.5227
1426.4718,4037.5017
1427.4227,4045.5398
1428.4407,4046.5188
1429.459,4047.498
1430.477,4048.477
1431.4954,4049.4558
1432.4751,4054.469
1433.4835,4056.4563
1434.5017,4057.4355
1435.52,4058.4146
1436.5381,4059.3936
1437.5178,4064.4065
1428.2085,394.6684
1439.2755,4095.6108
1440.2936,4096.59
1441.3116,4097.569
1442.33,4098.548
1443.3481,4099.527
1444.3663,4100.506
1445.3845,4101.485
1446.4027,4102.464
1447.4208,4103.443
1448.4391,4104.422
1439.1566,397.51947
1440.1597,398.53656
1451.3462,4126.6387
1452.3762,4127.6567
1453.4059,4128.675
1454.4053,4133.7534
1455.4352,4134.7715
1456.4573,4136.8047
1457.4872,4137.8228
1458.5171,4138.841
1449.207,402.14935
1460.2258,4187.573
1461.2556,4188.5913
1462.2856,4189.6094
1463.3153,4190.6274
1464.3452,4191.6455
1465.3599,4194.694
1466.3896,4195.712
1467.4119,4197.745
1468.3884,4205.869
1469.4182,4206.887
1470.448,4207.905
1471.4778,4208.9233
1472.4619,4216.0317
1473.4841,4218.0654
1474.514,4219.0835
1475.5438,4220.101
1476.5736,4221.1196
1477.6035,4222.137
1478.6105,4226.201
1479.6326,4228.2344
1480.6625,4229.2524
1481.6923,4230.2705
1482.6841,4236.3643
1483.7139,4237.382
1484.7438,4238.4
1485.7736,4239.418
1486.7424,4248.557
1487.7722,4249.5757
1488.8022,4250.5938
1489.832,4251.612
1490.8618,4252.63
1491.8916,4253.6475
1492.9138,4255.6807
1493.9436,4256.699
1494.966,4258.7324
1495.9958,4259.75
1497.0256,4260.768
1498.0554,4261.786
1499.0852,4262.804
1500.1151,4263.8223
1501.1372,4265.8555
1502.1671,4266.8735
1492.4706,420.7436
1504.1505,4279.0615
1505.1804,4280.0796
1506.2102,4281.097
1507.2401,4282.1157
1508.2699,4283.1333
1509.2997,4284.1514
1510.3296,4285.1694
1511.3518,4287.2026
1512.374,4289.2363
1513.4038,4290.254
1514.388,4297.3633
1504.5115,425.3354
1516.3713,4309.5503
1517.3478,4317.6743
1507.5449,428.37543
1519.2549,4340.013
1520.2847,4341.0312
1521.2689,4348.14
1511.5779,430.58197
1512.5892,431.59564
1513.6003,432.60883
1525.182,4380.684
1526.2126,4381.707
1529.2334,4926.8174
1530.2501,4927.779
1531.2666,4928.74
1532.3347,4934.237
1533.3616,4936.1055
1534.4502,4943.4165
1535.4772,4945.2847
1536.4938,4946.246
1537.5104,4947.2075
1538.527,4948.169
1539.5435,4949.13
1540.56,4950.0913
1541.5767,4951.0527
1542.6036,4952.9214
1543.6305,4954.79
1544.647,4955.7515
1545.7253,4962.155
1533.6096,488.39545
1547.8616,4973.1484
1548.8782,4974.11
1549.8948,4975.0713
1550.9114,4976.0327
1551.928,4976.994
1552.9446,4977.955
1553.9817,4980.731
1555.1116,4991.67
1556.1282,4992.6313
1557.1448,4993.593
1558.1614,4994.554
1559.178,4995.5156
1560.2255,4999.198
1547.2067,492.80267
1562.3616,5010.1914
1563.3782,5011.153
1564.3948,5012.1143
1565.4114,5013.0757
1566.4691,5017.665
1567.496,5019.5337
1568.5126,5020.495
1569.5292,5021.4565
1570.5458,5022.418
1571.5624,5023.379
1572.579,5024.341
1573.6162,5027.116
1559.8278,496.23676
1560.804,497.21136
1577.0272,5047.447
1578.2024,5054.8687
1579.2538,5056.768
1580.429,5064.19
1581.8658,5084.369
1582.889,5085.3145
1583.9124,5086.259
1584.9354,5087.2036
1585.9896,5091.59
1587.0205,5093.3945
1588.0437,5094.3394
1589.0669,5095.284
1590.0876,5096.3076
1591.1068,5102.8687
1592.1252,5103.959
1593.1437,5105.049
1594.1622,5106.1387
1595.1807,5107.2285
1596.1992,5108.3184
1597.218,5112.6914
1598.2367,5114.8755
1599.2551,5115.966
1600.2737,5117.0557
1601.2921,5118.1455
1602.3114,5125.8013
1603.3298,5126.891
1604.3484,5127.981
1605.3668,5129.071
1606.3853,5130.161
1607.4038,5131.251
1608.4224,5132.341
1609.4409,5134.525
1610.4595,5136.7095
1611.478,5137.7993
1612.4965,5138.889
1613.5156,5145.4507
1614.5342,5147.635
1615.5537,5156.3853
1616.5723,5158.5693
1617.5908,5159.6597
1618.6093,5160.749
1619.6277,5161.8394
1620.6467,5167.3066
1621.6653,5169.4907
1622.6838,5170.5806
1623.6029,5221.774
1624.6282,5223.8726
1625.661,5224.912
1608.509,516.4604
1609.4943,517.34174
1628.7948,5178.2144
1629.8135,5180.399
1630.8319,5181.489
1631.8503,5182.5786
1632.8689,5183.6685
1633.8706,5184.7427
1634.8607,5185.8057
1635.8507,5186.8687
1636.8407,5187.9316
1637.8307,5188.9946
1638.8214,5191.153
1639.8115,5192.216
1640.8015,5193.279
1641.7915,5194.3423
1642.7815,5195.4053
1643.7715,5196.4683
1644.7622,5198.626
1645.7522,5199.6895
1646.743,5201.847
1647.7642,5210.303
1648.7637,5212.368
1649.7592,5213.375
1650.7546,5214.382
1651.75,5215.3887
1650.0244,4534.233
1651.0139,4541.269
1652.0281,4542.1475
1653.0424,4543.026
1654.0359,4549.0356
1655.0502,4549.914
1656.0643,4550.7925
1657.0786,4551.671
1658.0598,4560.7593
1659.074,4561.6377
1660.0883,4562.516
1661.0735,4570.5786
1662.0862,4571.4956
1663.0981,4572.4336
1664.11,4573.371
1665.1221,4574.309
1666.1338,4575.2466
1667.1378,4578.232
1668.1458,4580.1934
1669.1576,4581.131
1670.1694,4582.069
1671.1571,4589.149
1672.169,4590.0864
1673.181,4591.0244
1674.193,4591.962
1675.2048,4592.9
1676.2168,4593.8374
1677.2084,4599.894
1678.2203,4600.8315
1679.2323,4601.769
1680.2443,4602.707
1681.236,4608.763
1682.2479,4609.701
1683.2557,4611.6626
1684.2677,4612.6
1685.2594,4618.6562
1686.2714,4619.594
1687.2832,4620.532
1688.2952,4621.4697
1689.3071,4622.407
1690.2948,4629.4873
1691.3066,4630.4253
1692.2943,4637.5054
1693.3062,4638.443
1694.3181,4639.381
1695.3301,4640.3184
1696.342,4641.2563
1697.3296,4648.3364
1698.3416,4649.274
1699.3535,4650.212
1700.337,4658.3154
1701.349,4659.2534
1702.3608,4660.191
1703.3729,4661.129
1704.3848,4662.0664
1705.3724,4669.1465
1706.3843,4670.0845
1707.3962,4671.022
1708.4082,4671.96
1709.4202,4672.8975
1710.4321,4673.8354
1711.4359,4676.8203
1712.4479,4677.758
1713.4598,4678.696
1714.4717,4679.634
1715.4756,4682.6187
1716.4875,4683.556
1717.4995,4684.494
1718.4991,4688.503
1719.5112,4689.441
1720.5231,4690.3784
1721.535,4691.3164
1722.547,4692.254
1723.559,4693.192
1724.5708,4694.1294
1725.5787,4696.091
1726.5867,4698.0522
1727.5702,4706.1562
1728.5781,4708.1177
1729.5616,4716.221
1714.1991,469.0766
1731.3015,4789.758
1732.3135,4790.696
1733.2937,4797.7974
1718.1692,476.69086
1719.1508,477.70746
1736.0469,4820.667
1737.0538,4821.6196
1738.0608,4822.5723
1739.0677,4823.525
1740.0746,4824.477
1741.0814,4825.4297
1742.0602,4828.489
1743.0531,4830.4946
1744.0599,4831.4473
1745.0669,4832.4
1746.0737,4833.3525
1747.0807,4834.3047
1748.0875,4835.2573
1749.0522,4839.3696
1750.0592,4840.3223
1751.066,4841.275
1752.073,4842.2275
1753.0095,4848.4463
1754.0164,4849.399
1755.0233,4850.351
1756.0303,4851.3037
1756.9526,4858.576
1757.9454,4860.582
1758.9524,4861.534
1759.9592,4862.487
1760.9662,4863.4395
1761.9731,4864.392
1762.9377,4868.5044
1763.9307,4870.5103
1764.9375,4871.4624
1765.9445,4872.415
1766.9513,4873.3677
1768.0264,4874.4697
1769.1042,4875.578
1770.132,4878.7446
1771.1848,4880.882
1772.2627,4881.99
1773.1396,4891.331
1774.2175,4892.4395
1775.2954,4893.548
1776.2477,4899.8013
1777.3005,4901.9385
1778.3784,4903.047
1779.4563,4904.155
1780.5342,4905.263
1781.4613,4912.546
1782.5392,4913.6543
1783.3397,5522.2036
1784.4509,5523.4004
1785.5621,5524.597
1786.6732,5525.794
1787.7844,5526.9907
1789.0548,5531.6553
1772.4535,549.44965
1791.808,5545.608
1792.9192,5546.8047
1794.0303,5548.002
1795.1415,5549.1987
1796.564,5557.321
1798.0117,5566.5586
1779.4789,552.9853
1800.7056,5580.4272
1801.8005,5581.601
1802.8956,5582.775
1803.9907,5583.9487
1805.0858,5585.123
1806.1808,5586.297
1807.2686,5587.452
1808.3727,5589.673
1809.4767,5591.893
1810.5342,5593.0083
1811.5916,5594.124
1812.649,5595.24
1813.7065,5596.356
1814.7639,5597.472
1815.8213,5598.588
1816.8788,5599.7036
1817.9363,5600.82
1797.4926,557.8964
1798.5024,558.90765
1799.5123,559.92084
1822.2518,5635.166
1823.2438,5635.9336
1824.2357,5636.7017
1825.2277,5637.469
1826.2196,5638.237
1827.2424,5641.8696
1828.2344,5642.6377
1829.2263,5643.4053
1830.2183,5644.173
1831.2928,5652.5815
1832.2847,5653.349
1833.2557,5662.046
1834.1611,5663.0547
1834.9789,5672.1787
1835.8843,5673.188
1836.7897,5674.1973
1837.695,5675.206
1838.6003,5676.2153
1839.4729,5680.2676
1840.4338,5682.2734
1841.4382,5683.2305
1842.4215,5684.17
1843.4049,5685.1094
1844.391,5686.0615
1845.3813,5687.0356
1846.4053,5690.13
1847.4639,5692.226
1848.5216,5693.2817
1849.5795,5694.3374
1850.6372,5695.393
1851.7003,5696.4844
1852.8148,5701.2383
1832.5648,571.14154
1855.1604,5716.1226
1856.3014,5717.4297
1852.381,5244.3853
1853.5654,5245.533
1854.7036,5246.7554
1855.747,5252.9937
1839.0812,532.9965
1840.0911,534.0087
1864.4866,6926.129
1843.8862,681.47015
1866.4272,6938.1255
1867.3733,6939.1465
1868.3485,6946.14
1869.2994,6948.1567
1870.2456,6949.178
1870.9788,7497.731
1851.4954,732.8671
1852.5017,733.77386
1853.5079,734.6806
1874.5834,7529.8887
1875.4935,7530.882
1876.806,7992.3213
1877.6987,7993.3696
1878.5912,7994.419
1879.4838,7995.468
1880.3763,7996.5166
1881.2689,7997.5654
1882.1615,7998.6147
1883.0541,7999.6636
1885.8674,8266.886
1886.644,8268.56
1887.4205,8270.234
1888.197,8271.909
1889.0034,8275.396
1889.8202,8277.922
1890.6272,8279.53
1891.4432,8281.082
1892.2568,8282.575
1893.0907,8284.015
1893.9695,8285.336
1894.8636,8288.545
1895.7502,8290.811
1896.629,8292.132
1897.5118,8293.415
1898.4319,8299.432
1899.3926,8301.5625
1900.3772,8302.711
1901.3618,8303.858
1902.3466,8305.007
1903.3462,8309.994
1904.3346,8312.102
1905.3457,8319.969
1906.334,8322.077
1907.3197,8323.221
1908.3313,8330.11
1909.3455,8332.105
1910.3602,8333.123
1911.3751,8334.14
1912.3899,8335.156
1913.4048,8336.173
1914.4178,8340.126
1899.2179,807.4677
1918.2103,6953.4663
1899.7334,684.45306
1900.8033,685.3183
1921.1589,6985.2173
1922.1321,6986.1816
1923.1051,6987.146
1924.0784,6988.1104
1925.0515,6989.075
1926.0245,6990.0396
1926.9977,6991.004
1927.9708,6991.9688
1928.944,6992.9326
1911.4227,687.78754
1930.9003,7004.8125
1931.8734,7005.7773
1932.8466,7006.741
1933.8197,7007.706
1934.7988,7014.641
1935.772,7015.6055
1936.7451,7016.57
1937.7183,7017.534
1938.6954,7022.479
1939.6696,7024.4385
1940.6427,7025.4033
1941.6157,7026.367
1925.2294,691.0854
1943.5952,7043.3403
1944.5814,7044.3896
1945.5675,7045.4385
1946.5536,7046.4873
1947.5398,7047.536
1948.5259,7048.585
1949.5206,7054.633
1950.5068,7055.6816
1951.493,7056.7305
1952.4791,7057.7793
1953.9265,7528.827
1954.9408,7529.832
1955.9548,7530.8364
1956.969,7531.841
1957.9832,7532.8447
1958.9973,7533.849
1943.7996,735.00775
1961.0001,7545.9585
1962.0143,7546.963
1963.0284,7547.9673
1963.2299,8002.519
1964.2439,8003.524
1965.2579,8004.53
1966.2719,8005.5347
1967.2859,8006.5396
1968.2268,8353.888
1969.2416,8354.905
1970.2565,8355.922
1971.2712,8356.938
1972.2861,8357.955
1973.2981,8363.866
1974.3129,8364.883
1975.3278,8365.9
1976.3425,8366.917
1977.3574,8367.934
1978.3722,8368.95
1979.387,8369.968
1980.4012,8371.963
1981.4155,8373.959
1982.4303,8374.976
1983.4452,8375.992
1984.46,8377.009
1985.4749,8378.025
1986.4897,8379.043
1987.5044,8380.06
1988.5193,8381.076
1989.534,8382.093
1990.5483,8384.089
1991.5632,8385.105
1992.578,8386.122
1993.5929,8387.14
1993.8368,7066.8423
1994.8229,7067.8916
1995.809,7068.9404
1996.7952,7069.9893
1997.8191,7071.0195
1998.9202,7072.011
2000.0212,7073.0034
2001.1222,7073.995
2002.2233,7074.987
1986.271,693.5175
2004.3904,7086.994
2005.4915,7087.986
2006.5925,7088.9775
2007.6936,7089.969
2008.7947,7090.961
2009.8579,7096.9614
2010.8562,7104.9585
2011.8728,7106.9414
2013.7777,7556.761
2014.71,7557.7563
2015.6295,7564.8115
1998.0715,736.6562
1999.0175,737.5224
2018.3859,7586.9883
2019.318,7587.9834
2020.2502,7588.978
2021.1824,7589.973
2021.3624,8008.4375
2022.2876,8009.473
2023.2129,8010.5093
2024.138,8011.5444
2025.2858,8389.607
2026.2048,8390.644
2027.1239,8391.681
2028.0431,8392.717
2028.9622,8393.753
2029.8812,8394.79
2030.8003,8395.826
2031.7194,8396.863
2032.6385,8397.899
2033.5576,8398.937
2034.4767,8399.973
2035.3958,8401.01
2036.315,8402.047
2037.234,8403.083
2038.1531,8404.119
2039.0721,8405.156
2039.9912,8406.192
2040.9104,8407.2295
2041.8295,8408.266
2042.7485,8409.303
2043.6676,8410.339
2044.5868,8411.376
2045.5059,8412.412
2046.4249,8413.449
2047.3441,8414.485
2048.2654,8416.503
2049.1846,8417.54
2050.1035,8418.576
2051.0227,8419.612
2051.942,8420.649
2052.8608,8421.687
2053.78,8422.723
2054.776,8423.738
2055.8235,8424.741
2041.4971,812.644
2057.8857,8435.583
2058.9333,8436.585
2059.9807,8437.588
2061.028,8438.591
2062.0754,8439.593
2063.1228,8440.595
2064.1702,8441.598
2065.2178,8442.6
2068.9932,7112.027
2070.3953,7593.832
2071.3203,7595.7817
2072.292,7603.6865
2073.2168,7605.636
2074.1885,7613.5415
2055.3337,741.1445
2076.1006,7625.381
2077.072,7633.286
2077.8723,8008.578
2078.8574,8009.4497
2079.8428,8010.321
2080.8281,8011.1914
2081.8135,8012.063
2080.724,8513.607
2081.7715,8514.608
2085.7847,7115.052
2086.8645,7116.187
2087.9446,7117.3223
2089.0242,7118.457
2090.0112,7123.4507
2069.5273,697.9389
2089.9712,7634.611
2090.9128,7635.5425
2091.8545,7636.4727
2092.7961,7637.404
2093.7378,7638.3345
2094.6794,7639.265
2076.987,743.9731
2097.215,8011.3945
2098.147,8012.3306
2099.0789,8013.267
2100.0107,8014.2036
2100.9426,8015.1396
2101.8743,8016.076
2102.811,8017.0205
2103.7617,8017.9873
2104.7126,8018.955
2105.6633,8019.922
2106.614,8020.889
2107.565,8021.857
2108.5156,8022.824
2108.9817,8536.183
2109.9773,8537.158
2110.9734,8538.133
2111.9692,8539.107
2112.965,8540.082
2113.961,8541.057
2114.9568,8542.031
2115.9504,8543.99
2116.9463,8544.965
2117.9421,8545.938
2118.9382,8546.914
2119.9338,8547.889
2120.9297,8548.863
2104.5364,824.6518
2122.8936,8563.589
2123.8892,8564.563
2124.8853,8565.539
2125.881,8566.514
2126.877,8567.488
2127.8728,8568.464
2128.8687,8569.438
2129.86,8572.379
2130.8538,8574.336
2131.8496,8575.312
2132.8457,8576.286
2133.8416,8577.261
2134.8374,8578.236
2135.8333,8579.211
2136.829,8580.186
2137.8228,8582.144
2138.8164,8584.101
2139.8123,8585.075
2140.808,8586.051
2141.804,8587.025
2142.8,8588.001
2143.7957,8588.976
2144.787,8591.915
2145.781,8593.873
2146.7769,8594.849
2147.7727,8595.823
2148.7686,8596.798
2149.7644,8597.772
2150.7603,8598.748
2151.756,8599.723
2152.7498,8601.681
2153.7437,8603.638
2154.7244,8611.491
2136.1753,698.04535
2137.162,698.88617
2162.7234,7157.3955
2158.165,7651.8833
2159.2273,7653.0093
2160.2896,7654.1353
2161.3518,7655.2607
2162.414,7656.386
2163.4653,7657.4966
2164.4922,7658.5713
2165.5193,7659.646
2166.5461,7660.7207
2167.5732,7661.795
2168.6003,7662.87
2169.6272,7663.9453
2170.6543,7665.02
2171.6814,7666.0947
2172.7083,7667.17
2173.7007,7668.29
2174.6528,7669.437
2175.6313,7670.504
2176.6096,7671.5713
2177.507,7683.376
2178.4854,7684.443
2179.4639,7685.5103
2180.4424,7686.577
2181.4429,7687.559
2182.4587,7688.489
2183.4746,7689.418
2184.4832,7691.345
2185.499,7692.2744
2186.5146,7693.204
2187.5305,7694.133
2188.5466,7695.0625
2189.5623,7695.9917
2190.5781,7696.921
2191.5935,7697.8633
2191.135,8018.529
2192.1453,8019.4624
2193.1484,8020.3843
2194.0867,8021.3203
2195.952,8441.752
2196.9658,8444.718
2197.976,8445.651
2198.9863,8446.584
2199.9966,8447.518
2201.0068,8448.451
2202.0168,8449.385
2203.027,8450.318
2204.0393,8452.268
2205.0496,8453.201
2206.0596,8454.134
2207.0442,8455.025
2208.0234,8455.907
2209.003,8456.791
2209.9822,8457.673
2210.9614,8458.555
2211.9407,8459.438
2212.9202,8460.32
2213.8994,8461.203
2214.8813,8463.103
2215.8608,8463.985
2216.84,8464.867
2217.8362,8471.854
2218.8154,8472.735
2219.795,8473.618
2220.7742,8474.501
2221.7534,8475.383
2222.6565,8476.365
2223.59,8482.412
2224.481,8483.41
2225.3718,8484.408
2226.2627,8485.406
2227.188,8490.443
2209.8826,815.1435
2232.1936,7159.302
2233.154,7168.223
2234.1064,7169.2764
2234.2725,7699.4756
2235.2783,7700.485
2236.2842,7701.4937
2237.29,7702.5024
2238.296,7703.5117
2239.3018,7704.52
2240.3076,7705.5293
2241.3135,7706.5386
2242.3193,7707.547
2243.3252,7708.556
2244.331,7709.565
2245.337,7710.574
2246.3428,7711.583
2247.3486,7712.5913
2248.3545,7713.601
2250.1042,5492.9697
2250.9568,5493.9307
2251.8096,5494.892
2252.4658,5502.81
2253.3186,5503.771
2253.9097,5514.008
2254.7622,5514.969
2255.6147,5515.93
2256.4675,5516.891
2257.1895,5522.49
2260.877,6062.122
2261.896,6063.104
2262.867,6070.224
2263.8782,6072.229
2264.905,6073.2266
2265.942,6074.246
2266.9238,6080.3496
2267.9497,6082.3857
2268.9866,6083.4053
2269.9355,6092.5596
2270.9727,6093.5786
2272.0093,6094.598
2273.0461,6095.6177
2274.083,6096.6367
2275.1199,6097.6562
2276.1567,6098.676
2277.1824,6100.712
2254.7778,602.3022
2279.1465,6112.919
2280.059,6121.081
2258.0637,603.9379
2259.165,604.7758
2282.6865,6143.6006
2283.726,6144.618
2284.6106,6151.7837
2285.273,6192.976
2286.3152,6193.956
2287.309,6200.6104
2266.8728,610.642
2289.3132,6212.0264
2290.3555,6213.0063
2291.349,6219.713
2271.243,612.2426
2272.5515,622.8598
2293.5579,6351.175
2294.5862,6352.1094
2295.6147,6353.0444
2276.6907,613.0351
2298.5203,6241.431
2299.5623,6242.4053
2279.9854,614.7514
2301.5066,6261.2383
2302.491,6269.165
2283.2798,616.4677
2304.4106,6290.978
2305.4526,6291.952
2306.4453,6298.8857
2307.4792,6300.853
2308.4636,6308.7803
2289.8691,619.89886
2290.9736,620.76654
2292.078,621.6342
2309.3943,5717.495
2310.406,5718.4434
2311.4177,5719.392
2312.4417,5721.3413
2313.4534,5722.29
2314.5625,5731.245
2315.5742,5732.194
2316.586,5733.1426
2317.5977,5734.091
2318.6582,5739.043
2319.682,5740.992
2320.7788,5748.947
2321.8027,5750.8965
2322.9,5758.8506
2306.3926,569.90814
2325.045,5770.7563
2326.1418,5778.711
2327.1658,5780.66
2328.1775,5781.609
2329.1892,5782.5576
2330.201,5783.5063
2331.213,5784.4546
2332.2244,5785.4033
2333.2363,5786.3516
2334.248,5787.3003
2335.2598,5788.249
2336.2837,5790.198
2337.2942,5791.149
2338.29,5792.129
2339.2861,5793.109
2340.282,5794.089
2341.2778,5795.069
2342.274,5796.049
2343.2698,5797.029
2344.2656,5798.009
2326.9563,570.72064
2327.9453,571.4721
2347.2502,5820.431
2348.2463,5821.411
2349.2422,5822.391
2350.238,5823.371
2351.2334,5828.4526
2352.2292,5830.458
2353.224,5838.6157
2354.2197,5840.621
2355.2156,5841.601
2356.2117,5842.581
2357.2075,5843.561
2358.2036,5844.541
2359.1992,5845.521
2360.1953,5846.501
2361.1912,5848.5063
2343.6692,573.8891
2344.663,574.7382
2364.1726,5891.4365
2365.1685,5892.416
2366.1643,5893.396
2367.1597,5899.503
2368.1555,5900.483
2369.1514,5902.4883
2370.1472,5903.4688
2371.1423,5909.575
2372.1382,5911.5806
2373.134,5912.5605
2374.129,5919.6934
2375.1248,5921.698
2376.1196,5929.856
2358.485,580.37494
2359.4785,581.22455
2360.4724,582.0732
2361.466,582.9223
2381.0933,5972.695
2382.089,5973.675
2383.084,5980.807
2365.4153,584.53265
2385.0745,5993.021
2386.0703,5994.001
2387.0662,5994.9814
2388.062,5995.961
2389.058,5996.941
2390.0535,6000.997
2372.307,586.0136
2392.0437,6013.211
2393.0396,6014.191
2394.0356,6015.171
2395.0315,6016.151
2396.0273,6017.131
2397.023,6020.1616
2398.019,6021.1416
2399.0146,6023.147
2400.0095,6031.3047
2382.1543,588.2568
2383.148,589.1054
2384.1414,589.95404
2403.905,6492.8735
2404.8533,6493.9287
2405.8013,6494.9844
2406.7495,6496.04
2407.6975,6497.0957
2408.6572,6498.119
2408.8357,6361.055
2392.3855,617.2558
2410.865,6371.939
2411.8533,6372.8804
2412.8413,6373.822
2413.8296,6374.7637
2414.859,6382.7056
2415.8472,6383.647
2416.8354,6384.5884
2417.8235,6385.5303
2418.8118,6386.4717
2419.8176,6390.4136
2420.8118,6392.3555
2421.7998,6393.297
2422.788,6394.2383
2423.7764,6395.18
2424.7646,6396.1216
2425.7705,6400.0635
2409.1116,620.0878
2427.8057,6411.947
2428.835,6419.8887
2412.0796,621.7421
2413.0735,622.59076
2431.9111,6441.714
2432.8992,6442.656
2433.8875,6443.597
2434.8757,6444.539
2435.864,6445.4805
2436.8696,6449.422
2419.9624,624.0639
2439.5034,6563.3096
2440.4915,6564.251
2441.515,6571.193
2442.5032,6572.135
2443.4915,6573.076
2444.4797,6574.018
2445.468,6574.9595
2446.456,6575.901
2447.456,6578.8423
2448.4502,6580.784
2449.4985,6588.7827
2450.669,6610.8965
2451.7256,6618.9185
2452.7334,6620.9
2453.7332,6621.875
2454.7817,6628.89
2455.7896,6630.872
2456.7893,6631.8477
2457.838,6638.863
2439.8447,640.27386
2459.4314,6590.4824
2460.4312,6591.4585
2461.431,6592.4336
2462.4307,6593.4087
2463.4307,6594.3843
2464.4546,6598.3794
2465.4624,6600.3613
2466.4624,6601.3364
2466.622,6495.6704
2467.6104,6496.6123
2468.601,6497.5615
2469.6091,6499.5435
2470.6658,6507.565
2471.6736,6509.547
2472.6733,6510.5225
2473.673,6511.498
2474.6729,6512.473
2475.705,6517.4746
2476.7131,6519.457
2477.713,6520.4326
2478.7126,6521.4077
2479.7124,6522.3833
2480.7122,6523.3584
2481.7363,6527.3535
2482.7441,6529.3354
2483.8008,6537.357
2484.8086,6539.3394
2485.8652,6547.3604
2486.873,6549.3423
2487.8728,6550.3184
2488.8726,6551.2935
2489.8726,6552.2686
2490.921,6559.2837
2491.9207,6560.2593
2491.5876,8159.332
2492.6104,8160.2793
2493.633,8161.226
2494.6558,8162.173
2495.6785,8163.12
2496.6785,8168.0884
2497.7012,8169.0356
2498.7239,8169.9824
2499.7466,8170.9297
2500.7695,8171.8765
2501.775,8175.84
2502.7979,8176.787
2503.8203,8177.734
2504.8433,8178.6816
2505.866,8179.628
2506.8887,8180.575
2507.9111,8181.522
2508.9229,8184.4795
2509.934,8187.4375
2510.9565,8188.3843
2511.9792,8189.3315
2513.002,8190.2783
2514.025,8191.226
2515.0479,8192.173
2516.0703,8193.119
2517.093,8194.066
2518.1157,8195.014
2519.1328,8196.966
2520.1553,8197.914
2521.1782,8198.86
2522.2007,8199.808
2523.201,8204.775
2524.2178,8206.729
2525.2405,8207.675
2526.2295,8214.654
2527.2463,8216.606
2530.292,6767.471
2510.177,658.3754
2532.6162,6809.6865
2533.6162,6810.662
2534.6157,6811.637
2535.6157,6812.613
2536.6152,6813.588
2537.6152,6814.5635
2538.6313,6817.552
2539.6392,6819.5337
2540.639,6820.5093
2541.6387,6821.4844
2542.6382,6822.46
2543.6382,6823.435
2544.662,6827.43
2545.6702,6829.4126
2546.7268,6837.4336
2547.7346,6839.4155
2548.7913,6847.4375
2549.7993,6849.4194
2550.8557,6857.441
2554.7642,7487.6885
2552.608,7950.5635
2553.6243,7953.5615
2554.654,7954.569
2555.684,7955.576
2556.714,7956.5835
2557.7441,7957.5913
2558.774,7958.598
2559.8042,7959.6055
2560.834,7960.613
2561.864,7961.62
2562.894,7962.6274
2563.9238,7963.635
2564.954,7964.642
2565.9836,7965.6494
2567.014,7966.6562
2568.044,7967.6636
2569.0737,7968.671
2570.1035,7969.678
2571.1335,7970.685
2572.1636,7971.693
2573.1936,7972.7
2574.2236,7973.7075
2575.2534,7974.7144
2576.2834,7975.7217
2577.3135,7976.7295
2578.3433,7977.7363
2579.3733,7978.7437
2580.4033,7979.751
2581.4333,7980.7583
2582.4634,7981.766
2583.4932,7982.773
2584.5232,7983.78
2585.5532,7984.787
2586.5833,7985.7944
2587.6133,7986.802
2588.643,7987.809
2589.673,7988.8164
2590.7031,7989.8237
2590.1812,8215.792
2591.17,8222.771
2592.1929,8224.775
2593.2231,8225.782
2594.253,8226.789
2595.283,8227.797
2596.313,8228.804
2597.3428,8229.811
2598.3591,8232.809
2599.382,8234.812
2600.412,8235.819
2601.4421,8236.827
2602.4722,8237.833
2603.502,8238.841
2604.532,8239.849
2605.5347,8244.837
2606.5645,8245.845
2607.5945,8246.852
2608.6245,8247.858
2609.6545,8248.866
2610.6846,8249.873
2611.7144,8250.881
2612.7441,8251.888
2613.7742,8252.8955
2614.7974,8254.897
2615.7793,8262.873
2616.8025,8264.876
2617.8325,8265.883
2618.821,8272.863
2619.8442,8274.865
2620.8743,8275.872
2621.2793,6857.2344
2622.3362,6865.256
2623.3438,6867.238
2624.4004,6875.26
2603.0742,667.8632
2604.1157,668.7675
2627.554,6897.3115
2628.5537,6898.2866
2629.6023,6905.302
2630.675,6915.3364
2631.683,6917.3184
2632.6826,6918.294
2633.6826,6919.269
2631.3972,8889.072
2632.42,8890.019
2633.4426,8890.966
2634.454,8893.923
2635.4768,8894.871
2636.4995,8895.817
2637.5222,8896.765
2638.545,8897.712
2639.5676,8898.659
2640.59,8899.605
2641.613,8900.553
2642.6357,8901.5
2643.6584,8902.447
2644.6812,8903.394
2645.7036,8904.341
2646.7266,8905.289
2647.7493,8906.235
2648.7722,8907.183
2649.7944,8908.129
2650.8174,8909.077
2651.84,8910.023
2652.8628,8910.97
2653.88,8912.924
2654.9026,8913.87
2655.9253,8914.817
2656.948,8915.764
2657.9707,8916.712
2658.9932,8917.658
2660.0046,8920.616
2661.022,8922.569
2662.0444,8923.516
2663.0671,8924.462
2664.0916,8925.422
2665.1216,8926.429
2666.1514,8927.437
2667.1814,8928.443
2668.2114,8929.451
2669.2412,8930.459
2670.2644,8932.461
2671.2944,8933.469
2672.3245,8934.476
2673.3542,8935.482
2674.3843,8936.49
2675.4143,8937.497
2676.4443,8938.505
2677.474,8939.513
2678.5042,8940.52
2679.5342,8941.527
2680.5642,8942.534
2681.5942,8943.541
2682.624,8944.549
2683.6543,8945.556
2684.6838,8946.5625
2685.714,8947.57
2686.744,8948.577
2687.774,8949.585
2688.804,8950.592
2689.834,8951.6
2688.4966,9512.042
2689.5037,9513.045
2690.5112,9514.049
2691.5186,9515.053
2692.5479,9519.865
2693.5552,9520.869
2694.5625,9521.872
2695.5698,9522.876
2696.5771,9523.88
2697.5845,9524.883
2698.6138,9529.695
2699.621,9530.699
2700.6287,9531.703
2701.6357,9532.706
2702.643,9533.71
2703.6506,9534.713
2704.6577,9535.717
2705.6653,9536.72
2706.6724,9537.724
2710.564,8952.832
2711.5938,8953.839
2712.6235,8954.847
2713.6536,8955.8545
2714.6836,8956.861
2715.7136,8957.869
2716.7434,8958.876
2717.7734,8959.883
2718.8037,8960.89
2706.0178,851.2724
2707.037,852.2065
2721.6943,8992.779
2722.724,8993.786
2723.7544,8994.793
2724.7842,8995.801
2725.8142,8996.809
2726.8442,8997.814
2727.8604,9000.813
2728.8835,9002.815
2727.253,7719.7563
2728.2563,7720.698
2729.2595,7721.64
2730.263,7722.583
2731.2664,7723.5254
2732.2695,7724.4673
2733.2727,7725.4097
2734.276,7726.3525
2735.2793,7727.294
2736.2827,7728.2363
2737.2861,7729.179
2738.2893,7730.121
2739.2925,7731.064
2740.296,7732.0054
2741.2993,7732.9487
2742.3025,7733.8906
2743.3057,7734.8325
2744.309,7735.775
2745.3125,7736.717
2746.3157,7737.6597
2747.319,7738.6016
2748.3223,7739.544
2750.5745,8033.499
2751.5442,8034.4717
2752.5142,8035.4443
2753.484,8036.4175
2754.4534,8037.39
2761.2798,8515.399
2762.3096,8516.407
2763.3396,8517.415
2764.3696,8518.421
2765.3994,8519.429
2762.8809,7174.739
2745.1963,689.8652
2761.4841,7739.555
2762.4875,7740.497
2763.4907,7741.4395
2764.4941,7742.382
2765.4976,7743.324
2766.5007,7744.266
2767.4941,7746.228
2768.4976,7747.1704
2769.501,7748.113
2770.5042,7749.055
2771.4976,7751.018
2772.5007,7751.96
2773.504,7752.9023
2774.5073,7753.844
2775.5107,7754.7866
2776.514,7755.729
2777.5173,7756.671
2778.5205,7757.6133
2779.524,7758.5557
2780.527,7759.4976
2781.5305,7760.4404
2782.5337,7761.3823
2783.537,7762.3247
2784.5405,7763.2666
2785.5437,7764.21
2786.547,7765.152
2787.5503,7766.094
2788.5537,7767.0366
2789.557,7767.9785
2790.56,7768.9214
2791.5635,7769.8633
2792.567,7770.805
2793.5703,7771.747
2794.5735,7772.6895
2795.577,7773.6323
2796.58,7774.574
2797.5833,7775.5166
2798.5864,7776.459
2799.59,7777.4014
2799.621,8036.9937
2800.5906,8037.9663
2801.5605,8038.9395
2802.5303,8039.912
2807.8213,8529.216
2808.7913,8530.188
2809.7607,8531.161
2810.7305,8532.135
2811.7002,8533.107
2812.67,8534.081
2813.675,8539.064
2796.1575,692.3632
2812.752,7777.412
2813.755,7778.3545
2814.7585,7779.297
2815.7617,7780.239
2816.7651,7781.1816
2817.7686,7782.1235
2818.7717,7783.0654
2819.775,7784.0083
2820.7783,7784.95
2821.7864,7785.8257
2822.7969,7786.6685
2823.8074,7787.5107
2824.818,7788.353
2825.8284,7789.196
2826.8389,7790.038
2827.8496,7790.8804
2828.86,7791.723
2829.8706,7792.5654
2830.881,7793.4077
2831.8914,7794.25
2832.9019,7795.0923
2833.9126,7795.935
2834.923,7796.7773
2835.9336,7797.6196
2836.944,7798.462
2837.9546,7799.3047
2838.9648,7800.1465
2837.5398,8039.4688
2838.543,8040.4106
2839.5464,8041.3525
2840.5496,8042.295
2845.1162,8508.0
2846.086,8508.973
2830.2483,695.33295
2831.2715,696.3027
2849.7627,7215.898
2850.741,7224.096
2851.7266,7226.129
2850.3896,7801.9824
2851.3542,7803.025
2852.319,7804.0664
2853.284,7805.109
2854.2488,7806.1504
2855.2136,7807.1924
2856.1785,7808.235
2857.143,7809.277
2858.1082,7810.3193
2859.0906,7812.3154
2860.0554,7813.357
2861.0203,7814.3994
2861.985,7815.4414
2862.9673,7817.4375
2863.9324,7818.4795
2864.8972,7819.5215
2865.8618,7820.5635
2866.8445,7822.5596
2867.8093,7823.601
2868.7742,7824.644
2869.7388,7825.686
2870.7212,7827.682
2871.6863,7828.7236
2872.651,7829.766
2873.616,7830.808
2874.5806,7831.8496
2875.5454,7832.8916
2876.5103,7833.934
2877.475,7834.9766
2878.44,7836.0186
2879.4048,7837.06
2880.3699,7838.102
2881.3345,7839.144
2882.2993,7840.1865
2883.2642,7841.2285
2884.229,7842.2705
2885.1216,8039.901
2886.1245,8040.8423
2887.1282,8041.7847
2888.1313,8042.727
2889.1348,8043.669
2890.138,8044.6113
2891.141,8045.554
2892.3882,6668.185
2893.3882,6669.1665
2894.388,6670.148
2895.3875,6671.1284
2896.4207,6675.946
2882.2622,651.2724
2898.5037,6687.4985
2899.5034,6688.4795
2903.0857,7233.1685
2887.3152,701.9477
2905.047,7245.4536
2906.034,7246.458
2907.0205,7247.4634
2908.007,7248.4683
2892.2485,703.6479
2909.963,7265.891
2910.9412,7274.0894
2907.8315,7845.671
2908.7915,7846.725
2909.7517,7847.78
2910.712,7848.8335
2911.6719,7849.888
2912.6567,7850.9077
2913.6624,7851.897
2914.6682,7852.886
2915.6738,7853.8755
2916.6797,7854.8647
2917.6853,7855.855
2918.6907,7856.844
2919.6963,7857.8335
2920.7024,7858.8228
2921.711,7859.822
2922.724,7860.8354
2923.7373,7861.8496
2924.7507,7862.863
2925.7642,7863.8774
2926.7776,7864.8906
2927.791,7865.905
2928.8042,7866.919
2929.8176,7867.9326
2930.8308,7868.9463
2931.8442,7869.96
2932.8574,7870.974
2933.8708,7871.9883
2934.8843,7873.002
2935.8975,7874.016
2936.9111,7875.0303
2937.924,7876.044
2938.9375,7877.058
2942.057,8046.878
2929.4968,774.74066
2943.9583,8058.5244
2944.1243,6690.4307
2945.124,6691.4116
2946.1238,6692.3926
2947.1235,6693.374
2948.1233,6694.355
2949.1313,6696.2954
2934.5369,652.5224
2951.2144,6707.8477
2937.7751,704.5361
2938.792,705.41254
2956.3564,7295.651
2954.1855,7878.6333
2955.1987,7879.6475
2956.2122,7880.6616
2957.2253,7881.6753
2958.2388,7882.6885
2959.252,7883.7026
2960.2654,7884.717
2961.2788,7885.7305
2962.2922,7886.7446
2963.3054,7887.759
2964.3188,7888.7725
2965.3362,7889.7754
2966.3645,7890.751
2967.3928,7891.725
2968.4211,7892.699
2969.4495,7893.6743
2970.478,7894.6484
2971.506,7895.623
2972.5347,7896.598
2973.8418,8061.661
2974.8145,8062.7275
2975.7869,8063.794
2976.7598,8064.861
2977.732,8065.927
2978.7046,8066.9937
2979.6768,8068.0596
2980.6494,8069.127
2981.622,8070.193
2982.5942,8071.2593
2983.567,8072.3257
2984.5393,8073.3926
2985.5117,8074.459
2986.4844,8075.526
2987.4568,8076.5923
2988.4292,8077.658
2989.4016,8078.7246
2990.374,8079.792
2991.3467,8080.8584
2992.319,8081.925
2993.2917,8082.9907
2994.2642,8084.0576
2995.2366,8085.1235
2996.209,8086.19
2997.1816,8087.257
2998.154,8088.323
2999.1265,8089.39
3000.099,8090.4565
3001.0715,8091.5234
3002.044,8092.5894
3003.0164,8093.656
3003.989,8094.7227
3004.9614,8095.7896
3005.934,8096.856
3006.9065,8097.9224
3007.879,8098.9883
3008.8513,8100.0547
3009.8237,8101.1216
3011.6975,6710.1514
3012.7473,6716.887
2998.3394,654.86176
3014.8306,6728.4395
3015.83,6729.421
3018.9092,7303.447
3003.6,708.16156
3020.894,7315.8047
3021.8892,7316.8354
3006.6333,710.0434
3022.856,7898.683
3023.8582,7899.7324
3024.86,7900.782
3025.8623,7901.8315
3026.8645,7902.881
3027.8662,7903.931
3028.8687,7904.98
3029.8706,7906.0303
3030.8728,7907.08
3031.875,7908.129
3032.8772,7909.179
3033.8794,7910.2285
3034.8813,7911.279
3035.8833,7912.328
3036.8857,7913.3774
3037.8877,7914.4272
3038.89,7915.4775
3039.892,7916.5264
3040.894,7917.5767
3041.896,7918.6265
3042.8984,7919.676
3043.9004,7920.725
3044.9023,7921.775
3045.9048,7922.824
3046.9067,7923.8735
3047.9087,7924.924
3048.9111,7925.9736
3049.913,7927.023
3050.9155,7928.0723
3051.9175,7929.1226
3052.9194,7930.172
3053.9214,7931.222
3054.9238,7932.272
3055.9258,7933.3213
3056.9277,7934.37
3056.6555,8104.9697
3057.6733,8105.9717
3058.6914,8106.9727
3059.7095,8107.975
3060.728,8108.976
3061.7458,8109.978
3062.764,8110.979
3063.7822,8111.9814
3064.7852,8113.986
3065.8037,8114.988
3066.8213,8115.9893
3067.8396,8116.9907
3068.858,8117.9927
3069.876,8118.994
3070.894,8119.9956
3071.912,8120.997
3072.9302,8121.999
3073.9482,8123.0005
3074.9663,8124.0024
3075.9844,8125.0034
3077.0027,8126.0054
3078.021,8127.008
3079.039,8128.0083
3079.8071,6732.765
3080.8638,6738.5693
3064.2295,652.07074
3082.9773,6750.179
3066.9736,704.4106
3086.5786,7346.7373
3087.5703,7354.9756
3069.871,705.8432
3070.858,707.49896
3090.5413,7387.9277
3091.536,7388.959
3092.5308,7389.989
3093.526,7391.019
3094.3083,7937.931
3095.3032,7938.9946
3096.2979,7940.0576
3097.293,7941.1206
3098.2876,7942.184
3099.282,7945.177
3100.2769,7946.2397
3101.2712,7949.232
3102.266,7950.2954
3103.2607,7951.3584
3104.2559,7952.423
3105.25,7955.415
3105.8416,8129.072
3106.855,8130.086
3107.8682,8131.0996
3108.8816,8132.114
3109.895,8133.1284
3110.9062,8134.1465
3111.9167,8136.1333
3112.9058,8137.2163
3113.895,8138.299
3114.8843,8139.3823
3115.8733,8140.4653
3116.8625,8141.549
3117.873,8143.5347
3118.8833,8145.5205
3119.8726,8146.604
3120.8618,8147.6865
3121.851,8148.77
3122.84,8149.8525
3123.829,8150.936
3124.8184,8152.0195
3125.8289,8154.0063
3126.1318,6759.5806
3127.1128,6761.611
3128.103,6762.6523
3130.3545,7396.19
3114.096,711.05707
3115.1614,712.02826
3116.2266,712.9985
3117.292,713.96967
3118.3574,714.94037
3133.307,8766.545
3134.3184,8767.513
3135.3289,8768.4795
3136.3398,8769.446
3137.3506,8770.412
3138.3618,8771.38
3139.373,8772.347
3140.3745,8774.335
3141.3853,8775.302
3142.3962,8776.269
3143.4072,8777.235
3144.4185,8778.202
3145.4014,8782.235
3146.403,8784.223
3147.414,8785.189
3148.4248,8786.157
3149.4358,8787.123
3150.4468,8788.091
3151.4302,8792.122
3152.4316,8794.111
3153.4429,8795.078
3154.4534,8796.046
3155.4644,8797.012
3156.4385,8802.066
3157.44,8804.055
3158.4507,8805.021
3159.462,8805.988
3160.4727,8806.956
3161.4836,8807.922
3162.4946,8808.889
3163.4873,8811.899
3164.4888,8813.888
3165.4995,8814.8545
3169.5222,9459.675
3170.5,9460.673
3171.477,9461.669
3172.4546,9462.667
3173.432,9463.665
3174.409,9464.662
3175.3867,9465.659
3176.3638,9466.657
3177.3408,9467.654
3175.6924,8815.324
3176.7036,8816.291
3177.7144,8817.258
3178.7256,8818.225
3179.7366,8819.191
3180.7476,8820.158
3181.7583,8821.125
3182.7603,8823.113
3183.771,8824.081
3184.782,8825.048
3185.7927,8826.014
3186.8037,8826.98
3187.8147,8827.948
3188.8257,8828.914
3189.8364,8829.881
3190.8477,8830.848
3191.8584,8831.814
3192.8696,8832.781
3193.8804,8833.747
3194.8914,8834.715
3195.9023,8835.682
3196.9133,8836.647
3197.9243,8837.615
3198.9353,8838.582
3199.946,8839.549
3200.957,8840.516
3201.9683,8841.481
3202.979,8842.448
3203.9897,8843.416
3205.001,8844.383
3206.0117,8845.349
3207.023,8846.316
3208.034,8847.283
3209.045,8848.25
3210.0557,8849.216
3211.0667,8850.183
3212.0776,8851.149
3213.0884,8852.116
3214.0996,8853.083
3215.1106,8854.05
3216.121,8855.016
3217.1323,8855.982
3218.143,8856.949
3219.1543,8857.916
3220.1653,8858.883
3221.1577,8861.894
3222.1685,8862.86
3223.1797,8863.827
3224.1904,8864.794
3225.2014,8865.761
3226.2124,8866.728
3227.2231,8867.694
3228.2341,8868.661
3229.245,8869.627
3230.2466,8871.616
3231.2578,8872.583
3232.2686,8873.549
3233.7798,9499.38
3234.757,9500.377
3235.7344,9501.375
3236.712,9502.372
3237.689,9503.37
3238.6665,9504.366
3239.6438,9505.365
3240.6309,9507.366
3241.6174,9509.369
3242.5952,9510.366
3243.5723,9511.363
3244.5496,9512.361
3245.527,9513.358
3246.5042,9514.355
3247.5198,9519.372
3248.497,9520.37
3249.603,8873.634
3250.6143,8874.6
3251.6252,8875.566
3252.6177,8878.578
3253.6284,8879.544
3254.6394,8880.512
3255.6504,8881.478
3256.6611,8882.444
3257.6724,8883.411
3258.6833,8884.378
3256.958,9186.82
3257.9688,9187.788
3258.98,9188.754
3259.991,9189.721
3261.002,9190.6875
3262.0127,9191.654
3268.573,9918.164
3269.548,9919.146
3270.523,9920.128
3271.4978,9921.109
3272.473,9922.091
3273.4478,9923.073
3274.4229,9924.055
3275.3975,9925.036
3276.3723,9926.019
3277.3472,9927.001
3278.3223,9927.982
3279.3008,9929.936
3280.276,9930.916
3281.251,9931.899
3282.2256,9932.88
3283.2007,9933.861
3284.1753,9934.844
3285.1504,9935.825
3286.125,9936.808
3287.1,9937.789
3288.079,9939.741
3289.0537,9940.723
3290.0288,9941.705
3291.0034,9942.687
3291.9785,9943.669
3292.9531,9944.649
3293.9282,9945.632
3294.9033,9946.613
3295.886,9949.535
3296.8608,9950.517
3297.8357,9951.5
3298.8105,9952.481
3299.7856,9953.463
3300.7603,9954.446
3297.6929,9192.788
3298.6943,9194.777
3299.7056,9195.743
3300.7163,9196.71
3301.727,9197.677
3302.738,9198.644
3303.7217,9202.676
3304.7231,9204.665
3305.734,9205.631
3306.745,9206.598
3307.7556,9207.565
3308.7668,9208.531
3309.7778,9209.499
3310.7888,9210.465
3311.7998,9211.432
3312.8105,9212.398
3313.8218,9213.366
3314.8325,9214.331
3315.8433,9215.299
3316.8545,9216.266
3317.8652,9217.231
3318.876,9218.2
3319.8872,9219.166
3320.8984,9220.132
3321.909,9221.1
3322.9204,9222.065
3323.9312,9223.032
3324.942,9223.999
3325.9531,9224.966
3326.9639,9225.933
3327.9287,9232.009
3328.93,9233.998
3332.8042,9955.811
3333.779,9956.793
3334.754,9957.774
3335.729,9958.756
3336.7036,9959.738
3337.6787,9960.721
3338.6533,9961.702
3339.628,9962.685
3337.5557,9294.818
3338.5667,9295.785
3339.5776,9296.751
3340.5884,9297.719
3341.5994,9298.686
3342.6104,9299.652
3343.621,9300.618
3344.6323,9301.586
3345.643,9302.552
3346.6448,9304.541
3347.6558,9305.508
3348.667,9306.475
3349.6777,9307.44
3350.689,9308.408
3351.6997,9309.376
3352.7104,9310.342
3353.7217,9311.309
3354.7324,9312.275
3355.7341,9314.264
3356.745,9315.2295
3357.7559,9316.197
3358.767,9317.164
3359.7778,9318.131
3360.789,9319.098
3361.7998,9320.063
3362.8108,9321.031
3363.8215,9321.998
3364.8232,9323.986
3365.8342,9324.953
3366.8452,9325.919
3367.8564,9326.887
3368.8672,9327.854
3369.8782,9328.82
3370.8887,9329.786
3371.9001,9330.754
3372.9111,9331.721
3373.9126,9333.709
3374.9238,9334.676
3375.9346,9335.643
3376.9456,9336.608
3377.9563,9337.575
3378.9675,9338.542
3379.9414,9343.597
3380.9524,9344.5625
3381.9634,9345.53
3382.974,9346.496
3383.9849,9347.464
3384.996,9348.432
3386.0068,9349.397
3387.018,9350.364
3388.0288,9351.331
3389.0308,9353.32
3390.0415,9354.285
3391.0522,9355.253
3392.0632,9356.22
3393.0742,9357.187
3394.0854,9358.153
3395.0962,9359.12
3396.0793,9363.153
3397.09,9364.12
3398.1013,9365.086
3399.1123,9366.053
3400.123,9367.02
3401.1343,9367.986
3402.145,9368.954
3403.7275,9968.327
3404.7065,9970.277
3405.6812,9971.261
3406.656,9972.241
3407.631,9973.224
3408.606,9974.206
3409.5806,9975.1875
3410.5557,9976.17
3411.5303,9977.151
3412.5054,9978.133
3413.4844,9980.085
3414.459,9981.067
3415.434,9982.049
3416.409,9983.03
3417.3838,9984.012
3418.3584,9984.994
3419.3374,9986.946
3420.3203,9989.867
3422.0093,6639.388
3422.9941,6640.418
3424.2246,6650.0005
3425.2095,6651.031
3426.1943,6652.06
3427.333,6658.435
3427.6204,9368.432
3428.6094,9371.417
3429.6177,9372.361
3430.626,9373.307
3431.6343,9374.252
3432.642,9375.196
3433.6216,9379.203
3434.63,9380.146
3435.6377,9381.093
3436.6367,9383.058
3437.6445,9384.001
3438.6528,9384.947
3439.6611,9385.892
3440.6692,9386.837
3441.6772,9387.781
3442.6855,9388.726
3443.6846,9390.691
3444.6926,9391.637
3445.7007,9392.581
3446.671,9397.607
3447.6792,9398.552
3448.6777,9400.518
3449.6855,9401.463
3450.694,9402.407
3450.313,9990.379
3451.2866,9991.349
3452.2603,9992.315
3453.234,9993.284
3454.2078,9994.253
3455.1812,9995.222
3456.1548,9996.188
3457.1255,9997.141
3460.4937,8630.002
3461.4717,8631.082
3462.4497,8632.159
3463.4275,8633.239
3464.4058,8634.317
3465.3838,8635.3955
3466.3618,8636.475
3467.3398,8637.554
3459.3013,821.96136
3460.2651,823.1308
3469.9717,9407.094
3470.9702,9409.059
3471.9788,9410.003
3472.9866,9410.947
3473.9949,9411.893
3475.5942,8659.465
3476.734,8666.873
3477.7178,8667.933
3478.702,8668.991
3479.6858,8670.051
3480.67,8671.109
3481.6538,8672.168
3482.6377,8673.228
3483.622,8674.286
3484.6057,8675.345
3485.6118,8677.311
3486.5935,8678.378
3487.5715,8679.457
3488.5496,8680.536
3489.5276,8681.615
3490.5054,8682.693
3491.4836,8683.772
3492.6074,8689.27
3493.3198,9411.476
3494.328,9412.421
3495.336,9413.365
3496.3345,9415.331
3497.3335,9417.296
3498.3418,9418.241
3499.3499,9419.186
3500.358,9420.131
3501.3662,9421.075
3502.1255,8692.103
3503.1035,8693.183
3504.0815,8694.261
3505.0596,8695.34
3506.0376,8696.419
3507.0159,8697.497
3508.023,8699.461
3509.001,8700.539
3509.979,8701.617
3510.957,8702.696
3511.935,8703.775
3512.9136,8704.854
3513.891,8705.933
3514.8691,8707.011
3515.8472,8708.09
3516.8252,8709.169
3517.8032,8710.248
3518.8105,8712.21
3519.7888,8713.29
3520.7668,8714.367
3521.7449,8715.447
3522.7227,8716.525
3523.701,8717.604
3524.6792,8718.684
3525.6567,8719.762
3526.6348,8720.841
3527.6423,8722.803
3528.62,8723.883
3529.5984,8724.96
3530.5762,8726.039
3531.5544,8727.118
3532.5322,8728.197
3533.5103,8729.276
3534.5762,8733.006
3535.5542,8734.085
3536.5322,8735.163
3537.5103,8736.242
3538.605,8740.856
3539.6123,8742.818
3540.5903,8743.897
3541.4087,9426.182
3542.3662,9427.322
3543.315,9428.456
3544.2634,9429.592
3545.2336,9431.602
3546.1821,9432.736
3547.1309,9433.871
3548.0796,9435.007
3549.0278,9436.142
3550.1284,8746.69
3551.12,8747.74
3552.1123,8748.79
3553.1045,8749.84
3554.0964,8750.892
3555.0889,8751.94
3556.0806,8752.991
3557.0693,8754.991
3558.0615,8756.042
3559.0532,8757.092
3560.046,8758.142
3561.0242,8762.992
3562.02,8764.979
3563.005,8766.043
3563.997,8767.094
3564.989,8768.145
3566.0483,8772.829
3567.0557,8774.792
3568.034,8775.871
3569.0117,8776.95
3569.9897,8778.029
3570.9678,8779.107
3571.9458,8780.187
3572.982,8783.033
3573.9897,8784.995
3574.9675,8786.074
3574.5103,9439.396
3575.4966,9442.34
3576.4685,9444.33
3577.4258,9445.366
3578.3835,9446.403
3579.3413,9447.44
3580.2988,9448.477
3581.2993,9452.372
3587.4321,9008.046
3588.4204,9009.096
3589.4082,9010.1455
3590.397,9011.194
3591.385,9012.243
3592.3972,9015.153
3593.3975,9017.133
3594.3855,9018.183
3591.8672,9583.279
3592.806,9584.399
3593.7446,9585.52
3594.6836,9586.64
3595.6226,9587.759
3596.5613,9588.878
3597.5,9589.998
3598.439,9591.119
3599.3774,9592.238
3600.3352,9594.23
3601.3115,9597.092
3602.25,9598.212
3603.189,9599.332
3604.1274,9600.452
3605.0664,9601.573
3606.005,9602.692
3606.9626,9604.684
3607.9014,9605.804
3608.8403,9606.924
3609.779,9608.043
3610.718,9609.163
3611.6565,9610.283
3612.5952,9611.404
3613.5342,9612.524
3614.4731,9613.644
3615.4304,9615.635
3616.3694,9616.754
3617.308,9617.875
3618.247,9618.995
3619.1855,9620.115
3620.1243,9621.235
3621.0635,9622.3545
3622.002,9623.475
3622.941,9624.595
3623.8984,9626.587
3624.837,9627.705
3625.776,9628.825
3626.7146,9629.946
3627.6533,9631.065
3628.5925,9632.187
3629.5312,9633.305
3630.4697,9634.426
3636.0198,9023.686
3636.9949,9024.715
3637.9702,9025.744
3638.9453,9026.774
3639.9434,9029.663
3640.9302,9031.622
3641.905,9032.651
3642.8804,9033.681
3643.8555,9034.711
3644.8306,9035.74
3645.8062,9036.77
3646.8042,9039.657
3647.7908,9041.617
3648.766,9042.6455
3649.7412,9043.676
3650.7163,9044.705
3651.6914,9045.734
3652.6665,9046.765
3653.6648,9049.653
3654.6514,9051.611
3650.0557,9638.021
3651.0151,9639.992
3651.9634,9641.016
3652.9119,9642.037
3653.8604,9643.06
3654.8083,9644.083
3655.757,9645.1045
3656.7046,9646.127
3657.6533,9647.15
3658.6016,9648.174
3641.854,987.17523
3660.5977,9658.756
3661.5464,9659.778
3662.4946,9660.801
3663.7534,9688.384
3664.702,9689.406
3665.6504,9690.429
3666.5984,9691.451
3667.5466,9692.475
3668.5503,9698.239
3674.9,9054.64
3675.875,9055.669
3676.85,9056.698
3677.8252,9057.727
3678.8003,9058.758
3679.7983,9061.6455
3680.7852,9063.6045
3681.7603,9064.635
3682.7356,9065.663
3683.711,9066.693
3684.686,9067.723
3685.6611,9068.752
3686.6594,9071.641
3687.646,9073.6
3688.621,9074.629
3689.5962,9075.658
3690.5715,9076.6875
3691.5469,9077.718
3692.5215,9078.747
3693.5198,9081.635
3694.5063,9083.595
3695.482,9084.624
3696.457,9085.653
3697.4324,9086.684
3698.4077,9087.712
3699.3826,9088.742
3700.3809,9091.631
3701.3672,9093.59
3702.3428,9094.619
3697.6785,9699.922
3698.6748,9700.873
3699.6714,9701.825
3700.6675,9702.776
3701.6636,9703.728
3702.565,9708.681
3703.5615,9709.631
3704.5576,9710.583
3705.554,9711.534
3706.5503,9712.484
3707.5464,9713.437
3708.4954,9716.388
3709.4683,9718.341
3710.464,9719.291
3711.4604,9720.243
3712.457,9721.194
3713.4531,9722.1455
3714.4495,9723.097
3715.4458,9724.049
3716.442,9724.999
3717.438,9725.951
3718.4106,9727.903
3719.407,9728.854
3720.4036,9729.806
3721.3994,9730.756
3722.3018,9735.709
3723.274,9737.66
3724.27,9738.612
3725.2664,9739.5625
3726.2627,9740.515
3727.2588,9741.465
3728.2554,9742.417
3729.204,9745.369
3730.1765,9747.321
3731.173,9748.2705
3732.1694,9749.224
3733.1655,9750.176
3738.657,9100.561
3739.6265,9101.611
3740.5964,9102.661
3741.566,9103.712
3742.5713,9106.572
3743.559,9108.528
3744.5288,9109.578
3745.4988,9110.628
3746.4685,9111.678
3747.4385,9112.728
3748.408,9113.778
3749.413,9116.639
3750.401,9118.595
3751.3708,9119.645
3752.3403,9120.695
3753.3103,9121.745
3754.2803,9122.796
3755.25,9123.846
3756.2551,9126.706
3757.2427,9128.662
3758.2126,9129.713
3759.1826,9130.763
3760.1526,9131.8125
3761.1223,9132.863
3762.092,9133.913
3759.6594,9749.905
3760.5847,9753.858
3761.5574,9755.809
3762.5537,9756.761
3763.55,9757.712
3764.546,9758.664
3765.542,9759.615
3766.4678,9763.566
3767.4402,9765.519
3768.4365,9766.47
3769.4326,9767.421
3770.4292,9768.372
3771.4253,9769.323
3772.4219,9770.274
3773.418,9771.227
3774.414,9772.178
3775.4104,9773.13
3776.1465,9785.083
3777.1428,9786.034
3778.1392,9786.985
3779.1355,9787.9375
3780.1313,9788.887
3781.0098,9794.841
3782.0059,9795.792
3783.0024,9796.742
3783.998,9797.695
3784.9946,9798.6455
3785.991,9799.597
3786.9873,9800.549
3787.9834,9801.5
3788.9797,9802.451
3789.9758,9803.402
3790.9722,9804.3545
3791.9688,9805.305
3792.9648,9806.256
3796.417,9141.839
3797.4048,9143.795
3798.3745,9144.844
3799.3445,9145.8955
3800.314,9146.944
3801.284,9147.995
3802.254,9149.044
3803.259,9151.905
3804.2466,9153.861
3805.2166,9154.912
3806.1865,9155.962
3807.1558,9157.012
3808.126,9158.0625
3809.0955,9159.112
3810.101,9161.973
3811.0889,9163.929
3812.0586,9164.9795
3813.028,9166.029
3813.9983,9167.079
3814.9678,9168.13
3815.9375,9169.18
3815.379,9806.184
3816.3755,9807.135
3817.3716,9808.086
3818.3682,9809.037
3819.3638,9809.988
3820.3604,9810.939
3820.8599,9832.895
3821.8564,9833.848
3822.7104,9840.799
3822.7612,9881.757
3823.7576,9882.708
3824.7534,9883.659
3825.7495,9884.612
3826.7458,9885.563
3827.7424,9886.515
3828.7388,9887.466
3829.7346,9888.417
3830.7312,9889.369
3831.7275,9890.32
3832.7239,9891.2705
3833.72,9892.222
3834.7158,9893.175
3835.7124,9894.125
3836.7085,9895.076
3837.705,9896.028
3838.7014,9896.98
3839.6973,9897.93
3840.6936,9898.882
3843.3015,9176.803
3844.2766,9178.783
3845.2559,9179.815
3846.2356,9180.845
3847.2148,9181.878
3848.1946,9182.909
3849.1738,9183.939
3850.1448,9186.867
3851.12,9188.848
3852.099,9189.879
3853.0786,9190.909
3854.058,9191.941
3855.0376,9192.972
3856.0176,9194.003
3856.9878,9196.931
3857.9631,9198.911
3858.9424,9199.942
3859.9224,9200.975
3860.9014,9202.005
3861.8809,9203.037
3862.8604,9204.067
3863.831,9206.997
