Sequence_Index,Reconstruction_Error,Predicted_Label,GroundTruth_Label
0,0.000710969701721404,0,0
1,0.000639312232464726,0,0
2,0.0004599067600590671,0,0
3,0.000549693133394677,0,0
4,0.0005805067272201859,0,0
5,0.0005613667773895316,0,0
6,0.000573831561119054,0,0
7,0.0004809111500827092,0,0
8,0.0003450418668114204,0,0
9,0.00032237073324430923,0,0
10,0.000228257456644183,0,0
11,0.0001888668056335253,0,0
12,0.0001445754270351834,0,0
13,0.00015847828375411586,0,0
14,9.560068573273333e-05,0,0
15,0.0001405120901937062,0,0
16,0.00014480102636580294,0,0
17,0.00013816800246305443,0,0
18,6.028533955410966e-05,0,0
19,7.214320264131381e-05,0,0
20,8.135259962102451e-05,0,0
21,0.00021626917920356095,0,0
22,0.00021608210919580104,0,0
23,0.00021177414442132757,0,0
24,0.0001539115728445125,0,0
25,0.00018359059939697956,0,0
26,0.00020099961127315226,0,0
27,0.0008438563254970083,0,0
28,0.0008435351853125145,0,0
29,0.0008346285860845421,0,0
30,0.0007258796996877089,0,0
31,0.0007415089764286995,0,0
32,0.0008551687135380057,0,0
33,0.0009509906072115808,0,0
34,0.0010860540707991126,0,0
35,0.0010762689710792704,0,0
36,0.0008587238538573534,0,0
37,0.00042746738331602503,0,0
38,0.0004732586914145124,0,0
39,0.00047224431393139,0,0
40,0.0004330896700130334,0,0
41,0.0003417538009517326,0,0
42,0.00022416752931624928,0,0
43,0.00010236339844912354,0,0
44,4.903144263325555e-05,0,0
45,6.194709264161242e-05,0,0
46,2.6413015507089515e-05,0,0
47,5.1961680966261806e-05,0,0
48,5.8808689961398124e-05,0,0
49,0.00011720990078985362,0,0
50,0.00012190127515675504,0,0
51,0.00012684885296961198,0,0
52,0.00012102752500834891,0,0
53,8.296461560903372e-05,0,0
54,0.00011570130930176662,0,0
55,0.00018469848202686706,0,0
56,0.00018826179325771245,0,0
57,0.00018096776733476084,0,0
58,9.994577619056558e-05,0,0
59,0.00010967008763157403,0,0
60,0.00012233094965914763,0,0
61,0.00019845624525494584,0,0
62,0.0002021890421717088,0,0
63,0.0001950060349011799,0,0
64,0.00011034224174004021,0,0
65,0.00011682401832909057,0,0
66,0.00013003013899127682,0,0
67,0.00017133252721833852,0,0
68,0.00017725935070132733,0,0
69,0.00016775651934540384,0,0
70,7.801450005783686e-05,0,0
71,7.995905448396774e-05,0,0
72,9.408531818650742e-05,0,0
73,0.0001104966171704751,0,0
74,0.032242812072227435,1,0
75,0.03215085688691767,1,0
76,0.03204802269056387,1,0
77,0.03204840910484329,1,0
78,0.03241722251067177,1,0
79,0.032633320311803625,1,0
80,0.032846687124173726,1,0
81,0.03306581757877479,1,0
82,0.03291354521238697,1,0
83,0.031353707537368956,1,0
84,0.00040588484217396394,0,0
85,0.00042632735251383485,0,0
86,0.0004819910511619491,0,0
87,0.00032749484619356596,0,0
88,0.00019882730891593206,0,0
89,0.00021300284687297854,0,0
90,0.000274963548136735,0,0
91,0.00019042725660946112,0,0
92,0.00019882730891593206,0,0
93,0.00021300284687297854,0,0
94,0.0002542339076885361,0,0
95,0.00017029146203039085,0,0
96,0.000178575958950656,0,0
97,0.00019190619340296748,0,0
98,0.00018866202140404672,0,0
99,0.00010587861005235332,0,0
100,0.00011151748446872696,0,0
101,0.00011939790344293764,0,0
102,0.0001227888088207734,0,0
103,4.2109253477024756e-05,0,0
104,5.091225334157264e-05,0,0
105,5.540930017369028e-05,0,0
106,5.867943847668172e-05,0,0
107,5.124180861349125e-05,0,0
108,7.094724395053642e-05,0,0
109,7.773171086681592e-05,0,0
110,0.0001487658689936445,0,0
111,9.652620125772669e-05,0,0
112,0.00012359501847786542,0,0
113,0.0001329560591704991,0,0
114,0.00014086295554071964,0,0
115,0.00012058312739802236,0,0
116,0.00015688027953330945,0,0
117,0.00016567059691604391,0,0
118,0.00015680556208697163,0,0
119,0.004435881432025305,1,0
120,0.004456212883016085,1,0
121,0.0044563241845668065,1,0
122,0.004575935493866569,1,0
123,0.0046844783184485875,1,0
124,0.0048388834944836845,1,0
125,0.03953760108060544,1,0
126,0.03948666205931623,1,0
127,0.039390480610884605,1,0
128,0.03878966834917251,1,0
129,0.03498011486529269,1,0
130,0.0352299698311226,1,0
131,0.03541132643906875,1,0
132,0.03555734959986587,1,0
133,0.03530721376032009,1,0
134,0.03371232102737433,1,0
135,0.00029887147153327166,0,0
136,0.001050431044892438,0,0
137,0.0010675309252987913,0,0
138,0.0039049860445750763,0,0
139,0.003896744071291354,0,0
140,0.0038430105654002553,0,0
141,0.0039007856000200375,0,0
142,0.00401020688231026,0,0
143,0.0041717690165514075,1,0
144,0.004289491588836814,1,0
145,0.004131329136714644,0,0
146,0.0035741264533862985,0,0
147,0.0031164862475494986,0,0
148,0.0006845970425796219,0,0
149,0.000740961730978691,0,0
150,0.000735682586038095,0,0
151,0.0006859884736812291,0,0
152,0.0005893012579664132,0,0
153,0.0005536636958298995,0,0
154,0.0004712080654417139,0,0
155,0.00037493637362857673,0,0
156,0.0003558577363122689,0,0
157,0.000250691216689225,0,0
158,0.0001579853242884128,0,0
159,0.00020400902905797652,0,0
160,0.00023433775539533313,0,0
161,0.0002179134745106314,0,0
162,0.0002588747714143945,0,0
163,0.0002784171422367348,0,0
164,0.00028092927414286967,0,0
165,0.0002536275371205042,0,0
166,0.000255634279796004,0,0
167,0.00026462677178909456,0,0
168,0.0002129898417668134,0,0
169,0.0002432746634385095,0,0
170,0.00028900594652511426,0,0
171,0.00019355694273353512,0,0
172,0.00017973726883624834,0,0
173,0.0001771590636168392,0,0
174,9.749616235834072e-05,0,0
175,0.00016404187674688383,0,0
176,0.00017277056016264306,0,0
177,0.00018081595374905914,0,0
178,0.0001789281830235803,0,0
179,0.00010679702819531264,0,0
180,0.00018058501030244087,0,0
181,0.00019065915045330818,0,0
182,0.0001995276055478502,0,0
183,0.0001972323766111171,0,0
184,0.0001758244819449503,0,0
185,0.00017970117435970305,0,0
186,0.00019468828644194264,0,0
187,0.00020869070770076397,0,0
188,0.0002107666593184324,0,0
189,0.0001924407781644617,0,0
190,0.00019801395886370667,0,0
191,0.00020707142647173344,0,0
192,0.0002047269720935089,0,0
193,0.00012042960237768172,0,0
194,0.00012646651569231447,0,0
195,0.00014095549859694418,0,0
196,0.00014933445551948307,0,0
197,0.00014118924137459347,0,0
198,0.0001029640349684794,0,0
199,9.239490680059666e-05,0,0
200,9.350934601747845e-05,0,0
201,9.904593446429201e-05,0,0
202,0.00010626978241192703,0,0
203,0.00018162547312487493,0,0
204,0.00019146639941878038,0,0
205,0.000200214982405186,0,0
206,0.00019775803999688124,0,0
207,0.00011805591799486954,0,0
208,0.00012768369776345676,0,0
209,0.00014214857788704966,0,0
210,0.00015035275212883266,0,0
211,0.00014207573440877197,0,0
212,0.00010872921280412665,0,0
213,9.759229924867319e-05,0,0
214,9.847417640308682e-05,0,0
215,0.00010440729566478635,0,0
216,0.00011464146140475554,0,0
217,0.00012768369776345676,0,0
218,0.00014214857788704966,0,0
219,0.00015035275212883266,0,0
220,0.00014207573440877197,0,0
221,0.00010872921280412665,0,0
222,9.75922880576233e-05,0,0
223,9.847435637740703e-05,0,0
224,0.00010440729566478635,0,0
225,0.00011464146140475554,0,0
226,0.00012768369776345676,0,0
227,0.00014214857788704966,0,0
228,0.00015035275212883266,0,0
229,0.00014207573440877197,0,0
230,0.00010872921280412665,0,0
231,9.759229924867319e-05,0,0
232,9.847417640308682e-05,0,0
233,0.00010440729566478635,0,0
234,0.00011464146140475554,0,0
235,0.00018772725312068755,0,0
236,0.00019801382096895767,0,0
237,0.0002070714515045895,0,0
238,0.0002047269720935089,0,0
239,0.00012152365552114558,0,0
240,0.00012768369776345676,0,0
241,0.00014214857788704966,0,0
242,0.0001466562923696066,0,0
243,0.00013728168919072533,0,0
244,0.000175589036359594,0,0
245,0.00016450553308092729,0,0
246,0.00016836908782626942,0,0
247,0.00017987017467168412,0,0
248,0.00019460143436717954,0,0
249,0.00021415207517747054,0,0
250,0.00023175177223538974,0,0
251,0.00021900021754020648,0,0
252,0.00022618118128973647,0,0
253,0.00010000615931261536,0,0
254,0.0001717953126949956,0,0
255,0.00016697204274091995,0,0
256,0.00016742413192653922,0,0
257,0.00016660068612696623,0,0
258,0.0001885827535321615,0,0
259,0.00020636009215145066,0,0
260,0.0002620100263748066,0,0
261,0.00026923545946996044,0,0
262,0.00025870386780920665,0,0
263,0.0001375863623638485,0,0
264,8.853596465919866e-05,0,0
265,9.939885069266427e-05,0,0
266,0.00016373893374001675,0,0
267,0.00016660072050611135,0,0
268,0.000160511895509561,0,0
269,8.831439597659137e-05,0,0
270,0.0001060568817057792,0,0
271,0.00011842776332809252,0,0
272,0.00020854585265743362,0,0
273,0.00021178405633086745,0,0
274,0.00020488542091751252,0,0
275,0.00012271571162005655,0,0
276,0.00013217949088553576,0,0
277,0.00014651057500996275,0,0
278,0.00016578168990386135,0,0
279,0.00017240117923145645,0,0
280,0.0001641185531814409,0,0
281,6.459202186316878e-05,0,0
282,0.0002427215286901006,0,0
283,0.0002422479013341878,0,0
284,0.0002504764776021778,0,0
285,0.00026384640458029714,0,0
286,0.00027615702465514676,0,0
287,0.000252641869096619,0,0
288,0.0005978996462165535,0,0
289,0.0006029277811415722,0,0
290,0.000591236267405031,0,0
291,0.0004537731075180547,0,0
292,0.0003669550187714195,0,0
293,0.0003921888408637369,0,0
294,0.00047181515971952623,0,0
295,0.0004838911834628277,0,0
296,0.00046854465336303717,0,0
297,0.00029295452709506817,0,0
298,0.00010548577102873662,0,0
299,0.0004730227747656604,0,0
300,0.00047801036264245476,0,0
301,0.00048747805033058834,0,0
302,0.0004916534767931719,0,0
303,0.0004246946017824613,0,0
304,0.0007254727099776972,0,0
305,0.0007477712992842846,0,0
306,0.0007666085675443578,0,0
307,0.0007602937104467535,0,0
308,0.0005839873177401797,0,0
309,0.00037203627308680665,0,0
310,0.00039670885825526553,0,0
311,0.00041254500047203013,0,0
312,0.0003998370473609959,0,0
313,0.00023144582754831508,0,0
314,0.00010910928284490787,0,0
315,0.00011311393533925054,0,0
316,0.00011829633995041032,0,0
317,0.00011924500075374974,0,0
318,7.831299044841582e-05,0,0
319,0.00011126922901680462,0,0
320,0.00019273291338676697,0,0
321,0.00019579833930864795,0,0
322,0.00018919191543877888,0,0
323,0.00011062841696402358,0,0
324,0.00012333476077298571,0,0
325,0.00014221841749427992,0,0
326,0.00015533125860453154,0,0
327,0.00016437334905178232,0,0
328,0.00015832675074768827,0,0
329,6.585760588131905e-05,0,0
330,0.00013554471815689292,0,0
331,0.00013833802544165134,0,0
332,0.0001433688184660877,0,0
333,0.00014529040816363832,0,0
334,0.00010972053693657047,0,0
335,0.0001966391855731387,0,0
336,0.0002084868943614296,0,0
337,0.00021825197820519556,0,0
338,0.00021479888613252382,0,0
339,0.0001224450827684036,0,0
340,0.00017719292916807875,0,0
341,0.00018664039716616564,0,0
342,0.00019521766283328175,0,0
343,0.00019335780315956873,0,0
344,0.00011560169007303908,0,0
345,0.00012768369776345676,0,0
346,0.0002200250583412891,0,0
347,0.0002236156114660118,0,0
348,0.00021626454019320161,0,0
349,0.00012942200835369317,0,0
350,0.00013379036357234826,0,0
351,0.00014819663606186365,0,0
352,0.00021093940655430074,0,0
353,0.00021618923528966117,0,0
354,0.00020781180637864798,0,0
355,0.00011010755688495237,0,0
356,0.00010024032209001211,0,0
357,0.00011213801356535658,0,0
358,0.001490425275559446,0,0
359,0.0014816405313553493,0,0
360,0.0014771036526290734,0,0
361,0.001414721199694111,0,0
362,0.001455373938457997,0,0
363,0.0015064139530648096,0,0
364,0.0016182986787432758,0,0
365,0.0016468553768558118,0,0
366,0.0016148965417862502,0,0
367,0.00125795109364619,0,0
368,0.00011036984957708365,0,0
369,0.00012308520314700016,0,0
370,0.00021966682960296966,0,0
371,0.00022294707190774536,0,0
372,0.00021582495513794374,0,0
373,0.00013146489112165273,0,0
374,0.00013871067166974636,0,0
375,0.00015344404654464108,0,0
376,0.0001657909014934478,0,0
377,0.00017434741771632403,0,0
378,0.00016514326155537564,0,0
379,6.069577923918989e-05,0,0
380,3.5979071331684593e-05,0,0
381,3.750939134892585e-05,0,0
382,6.913966800091782e-05,0,0
383,0.00017566787219923586,0,0
384,0.00018013296593696396,0,0
385,0.0002609085955407136,0,0
386,0.0003402163685185651,0,0
387,0.00040565233560413145,0,0
388,0.0006060205832845026,0,0
389,0.000730267159473742,0,0
390,0.0008053814731825832,0,0
391,0.0007718397083198256,0,0
392,0.0007200031948104848,0,0
393,0.0006826113441043084,0,0
394,0.0006356213009488484,0,0
395,0.0006266624645016201,0,0
396,0.0005501075531780394,0,0
397,0.00048395389517663125,0,0
398,0.0002905385851572403,0,0
399,0.00030550163633125344,0,0
400,0.0003398613576042357,0,0
401,0.0006548243909777838,0,0
402,0.0006243929632161538,0,0
403,0.0006650392945069995,0,0
404,0.0005972584391838946,0,0
405,0.0006891168197315269,0,0
406,0.0006343318776675423,0,0
407,0.0006937463076869792,0,0
408,0.0006580088884118622,0,0
409,0.0006301348241252393,0,0
410,0.0004771739671394861,0,0
411,0.0003259972513017372,0,0
412,0.00037939589026303607,0,0
413,0.0007463431241104766,0,0
414,0.0006634122431068762,0,0
415,0.0006044010427177968,0,0
416,0.000555708000567821,0,0
417,0.0004886395715951621,0,0
418,0.00046505208345283154,0,0
419,0.00048101520190853444,0,0
420,0.0005150857665581045,0,0
421,0.00044464001909595013,0,0
422,0.0002736390936893151,0,0
423,0.00015805409463617967,0,0
424,0.00015266727057149402,0,0
425,0.0003882467650809258,0,0
426,0.00038645070844807016,0,0
427,0.0007208630049890627,0,0
428,0.0007471898874288304,0,0
429,0.0007847030981938234,0,0
430,0.0008320466020208988,0,0
431,0.0008746285690171583,0,0
432,0.0008052349762500248,0,0
433,0.0007847358846573511,0,0
434,0.0007635988827876196,0,0
435,0.0005808458010654911,0,0
436,0.0004884719647983856,0,0
437,0.00022816524673572097,0,0
438,0.00033527470384221356,0,0
439,0.00037752229459844507,0,0
440,0.0021766964794992334,0,0
441,0.002155664860249251,0,0
442,0.0021961149611630067,0,0
443,0.002126513459098571,0,0
444,0.0021294859565277936,0,0
445,0.0020953900875782887,0,0
446,0.0023216907847659713,0,0
447,0.002238109512070642,0,0
448,0.002167332980076441,0,0
449,0.0017702789257122876,0,0
450,0.0005578085573802064,0,0
451,0.0005729761427005619,0,0
452,0.0005955612489626495,0,0
453,0.0005965131344125907,0,0
454,0.0006158795670355482,0,0
455,0.0004981825344611468,0,0
456,0.0004235879209725656,0,0
457,0.0004397081051056231,0,0
458,0.0004235120651181262,0,0
459,0.00024022742753645153,0,0
460,3.922934273601561e-05,0,0
461,0.00013869745522907798,0,0
462,0.00013386375276355924,0,0
463,0.00013144574320957204,0,0
464,0.00013843904703234543,0,0
465,0.00017542389615691632,0,0
466,0.00019030152948328453,0,0
467,0.00025012797914922963,0,0
468,0.0002604596113876398,0,0
469,0.000301996562743452,0,0
470,0.00020376245996168492,0,0
471,0.0002338216071662371,0,0
472,0.00022765095039962118,0,0
473,0.0002594321295395563,0,1
474,0.00021540689679841403,0,1
475,0.0002595133819396752,0,1
476,0.00019669302236039198,0,1
477,0.00029197191048385484,0,1
478,0.00021935029804386608,0,1
479,0.0002355971706799221,0,1
480,0.00016183679324047385,0,1
481,0.00044119160906940554,0,1
482,0.0004651829519854875,0,1
483,0.0005005428856702357,0,1
484,0.00046725246205965977,0,1
485,0.0005340535058341265,0,1
486,0.00045856155103265566,0,1
487,0.0005749427725645393,0,1
488,0.0005445420691152673,0,1
489,0.00060203157853165,0,1
490,0.00044950020580159883,0,1
491,0.0003606231296198333,0,1
492,0.0003223468115382531,0,1
493,0.000621076863681792,0,1
494,0.0005675584359232773,0,1
495,2.050205531542953,1,1
496,2.150433919587443,1,1
497,2.3942113594326213,1,1
498,2.3891188170559,1,1
499,2.4358436567520103,1,1
500,2.3826616873138073,1,1
501,2.3811645211527326,1,1
502,2.3489444392665257,1,1
503,2.3673287921307478,1,1
504,2.628557886141301,1,1
505,0.0007366131192969275,0,1
506,0.0007326652549221242,0,1
507,0.0006976407001648042,0,1
508,0.0006040067605283177,0,1
509,0.0004699885590023265,0,1
510,0.0002852321016057418,0,1
511,6.31649570762982e-05,0,1
512,0.00010513055829764824,0,0
513,9.831712717148684e-05,0,0
514,6.326479457221837e-05,0,0
515,8.891738234012658e-05,0,0
516,9.85605179536713e-05,0,0
517,0.00011073780299987319,0,0
518,0.0001238214801669906,0,0
519,0.00013123431634683367,0,0
520,0.00012342129983727076,0,0
521,3.882414907811775e-05,0,0
522,3.9571941626829845e-05,0,0
523,3.997853531059661e-05,0,0
524,4.243927936497334e-05,0,0
525,4.6659497662138694e-05,0,0
526,5.198735400418821e-05,0,0
527,5.785528535442185e-05,0,0
528,6.105303800193278e-05,0,0
529,5.696153370171738e-05,0,0
530,2.1321507784599567e-05,0,0
531,3.680857210346277e-05,0,0
532,3.635517402625886e-05,0,0
533,3.9058133894670156e-05,0,0
534,4.4609117981925335e-05,0,0
535,4.8358141225953126e-05,0,0
536,5.6078877598804555e-05,0,0
537,6.267068750960489e-05,0,0
538,6.22775236254339e-05,0,0
539,1.94888376135661e-05,0,0
540,2.4715689757455738e-05,0,0
541,4.323469652771564e-05,0,0
542,4.6637045154235996e-05,0,0
543,4.692204368289523e-05,0,0
544,2.6551481712580707e-05,0,0
545,4.698240786645092e-05,0,0
546,4.885123283213145e-05,0,0
547,4.695150724422704e-05,0,0
548,0.00010190741706742642,0,0
549,0.00011350664700175166,0,0
550,0.00011447093709253292,0,0
551,0.00012097137340487296,0,0
552,0.0001321783438403415,0,0
553,0.00014647520742825951,0,0
554,0.0001623198659357676,0,0
555,0.00017131753895489665,0,0
556,0.0001622449091978316,0,0
557,8.20915448502078e-05,0,0
558,6.092979520692155e-05,0,0
559,6.156180102784951e-05,0,0
560,6.5791102099082e-05,0,0
561,7.293147435050203e-05,0,0
562,8.21979883753652e-05,0,0
563,9.25199330627207e-05,0,0
564,9.837752826118867e-05,0,0
565,0.00020887981229721027,0,0
566,0.00013697877708362287,0,0
567,0.00015380448170111092,0,0
568,0.0001615223551702377,0,0
569,0.00017472038487007484,0,0
570,0.00019124831966136667,0,0
571,0.00021035791001505029,0,0
572,0.00022101452112603036,0,0
573,0.0002959027553210765,0,0
574,0.00017008673307998898,0,0
575,0.00012355007533803032,0,0
576,0.00013034659867814828,0,0
577,0.0002184197847271491,0,0
578,0.00022877506607221282,0,0
579,0.0002462273094460977,0,0
580,0.0002621877159683566,0,0
581,0.0002638304110319399,0,0
582,0.00017115954135859423,0,0
583,0.00015838080971965405,0,0
584,0.00016638279071029023,0,0
585,0.00015751198262210447,0,0
586,0.0004229298057679022,0,0
587,0.0003983376922190705,0,0
588,0.0004653050286163512,0,0
589,0.00047704919884166254,0,0
590,0.0005013748946435791,0,0
591,0.0005853613233889333,0,0
592,0.0005999853834243697,0,0
593,0.000648067073140905,0,0
594,0.0007462111513870282,0,0
595,0.0005610083025487259,0,0
596,0.00031268007596376357,0,0
597,0.00023504776594810437,0,0
598,0.00025526045397609916,0,0
599,0.000260786541256806,0,0
600,0.0002619140283826023,0,0
601,0.0002705418773489217,0,0
602,0.0003293695390877439,0,0
603,0.00022942911666959335,0,0
604,0.00022228394894443335,0,0
605,0.00024516572269195,0,0
606,0.0002499269157182853,0,0
607,0.00023391852923874216,0,0
608,0.00040832735851159915,0,0
609,0.00034515975460707593,0,0
610,0.0003333232459423527,0,0
611,0.00025917179876602976,0,0
612,0.8089191203036309,1,0
613,0.7956804875028427,1,0
614,0.8530480083496672,1,0
615,0.867627694133712,1,0
616,0.8926043763755519,1,0
617,0.927479948128855,1,0
618,0.9460149835987558,1,0
619,0.9757786158875085,1,0
620,0.9977272931712088,1,0
621,1.047796541173851,1,0
622,0.09274599541479282,1,0
623,0.09280975702626568,1,0
624,0.09351144858272634,1,0
625,0.09285687537392592,1,0
626,0.0908989382799442,1,0
627,0.0004021471880319349,0,0
628,0.0005171690509941112,0,0
629,0.0005476711849390322,0,0
630,0.0006040519711864617,0,0
631,0.0004947598696197046,0,0
632,0.00047570592863135225,0,0
633,0.00035243221075262164,0,0
634,0.00030455707515445547,0,0
635,0.00028736590303635276,0,0
636,0.00036600199947068847,0,0
637,0.00027931309140045985,0,0
638,0.0003512850588532343,0,0
639,0.00028737749860956185,0,0
640,0.000484689730648861,0,0
641,0.000417622643969693,0,0
642,0.00043979150752113827,0,0
643,0.0012456188142975697,0,0
644,0.001273267314162605,0,0
645,0.0012214065646889275,0,0
646,0.0012567604689472088,0,0
647,0.0012116447335525572,0,0
648,0.0012157912117060409,0,0
649,0.0011159589210307515,0,0
650,0.0010499102520991435,0,0
651,0.001127263925861121,0,0
652,0.0008418879450120996,0,0
653,0.00017660877415411587,0,0
654,0.00018867528750618853,0,0
655,0.0003151125042611276,0,0
656,0.00026501297263115445,0,0
657,0.00031108298854327606,0,0
658,0.00032641566081563814,0,0
659,0.00039027664469849777,0,0
660,0.00029399064803827836,0,0
661,0.00033272906018010426,0,0
662,0.0003528983016536664,0,0
663,0.00045492193378220846,0,0
664,0.0003506334720216384,0,0
665,0.00038896788255897175,0,0
666,0.000358969545410561,0,0
667,0.0003977666154827889,0,0
668,0.0003334051015139923,0,0
669,0.00035546931961499215,0,0
670,0.0002914532296301253,0,0
671,0.0002977722345739504,0,0
672,0.00021182333618657476,0,0
673,0.00017576410439374372,0,0
674,8.614012865233366e-05,0,0
675,8.631745231410236e-05,0,0
676,9.3780286222108e-05,0,0
677,9.703875882776236e-05,0,0
678,5.470233901643877e-05,0,0
679,8.128690293896494e-05,0,0
680,7.451673632718143e-05,0,0
681,2.3808885862832406e-05,0,0
682,0.00011618006679355425,0,0
683,0.00011354443332205464,0,0
684,0.00011267153502690453,0,0
685,9.871352884512684e-05,0,0
686,0.0001250964735259805,0,0
687,0.00013890232862477902,0,0
688,0.00015574496971320975,0,0
689,0.00016260070646212537,0,0
690,0.0001542105444773058,0,0
691,5.79617113282991e-05,0,0
692,4.889707039034664e-05,0,0
693,5.459273187418308e-05,0,0
694,6.093560803366924e-05,0,0
695,6.4509406924314e-05,0,0
696,6.761077000739984e-05,0,0
697,2.1445995965074717e-05,0,0
698,4.234966175683799e-05,0,0
699,4.575788909134766e-05,0,0
700,5.285924933937355e-05,0,0
701,5.861472819988763e-05,0,0
702,6.917238922680998e-05,0,0
703,8.049842649721927e-05,0,0
704,8.462271432274911e-05,0,0
705,4.1070601405052045e-05,0,0
706,4.0507120006759965e-05,0,0
707,6.558038625861933e-05,0,0
708,6.505831361557158e-05,0,0
709,2.6478080182519268e-05,0,0
710,2.0106167043129624e-05,0,0
711,6.06024915491015e-05,0,0
712,6.148557246131697e-05,0,0
713,6.431672156504816e-05,0,0
714,6.610225529620187e-05,0,0
715,5.091212211113112e-05,0,0
716,7.380946388022754e-05,0,0
717,8.573650687838624e-05,0,0
718,9.121816744765587e-05,0,0
719,8.577050687448359e-05,0,0
720,9.289663869204104e-05,0,0
721,0.00010597264315074143,0,0
722,0.00010728911188713792,0,0
723,0.00011354280148121427,0,0
724,0.00012415997578359332,0,0
725,0.00013789397573197605,0,0
726,0.0001531422539769611,0,0
727,0.00016181957762053588,0,0
728,0.00015313563686206996,0,0
729,9.914925840043203e-05,0,0
730,8.239059739690221e-05,0,0
731,8.321597425037033e-05,0,0
732,8.849763568125697e-05,0,0
733,9.728310227682387e-05,0,0
734,0.00010935137775331836,0,0
735,0.0001223153283186981,0,0
736,0.0001296587831896484,0,0
737,0.0001222455142244068,0,0
738,3.8566112859996444e-05,0,0
739,0.00010174676070950198,0,0
740,9.759229924867319e-05,0,0
741,9.847417640308682e-05,0,0
742,0.00010440729566478635,0,0
743,0.00011464146140475554,0,0
744,0.00012768369776345676,0,0
745,0.00014214857788704966,0,0
746,0.00015035275212883266,0,0
747,0.00014207573440877197,0,0
748,4.867021204612105e-05,0,0
749,0.00010174676070950198,0,0
750,9.759229924867319e-05,0,0
751,9.847417640308682e-05,0,0
752,0.00010440729566478635,0,0
753,0.00011464146140475554,0,0
754,0.00012768369776345676,0,0
755,0.00014214857788704966,0,0
756,0.00015035275212883266,0,0
757,0.00014207573440877197,0,0
758,4.867021204612105e-05,0,0
759,0.00013292930551658564,0,0
760,0.00012804608677531988,0,0
761,0.00012907854046315454,0,0
762,0.00013604727906394844,0,0
763,0.00014756669486980229,0,0
764,0.0001628478149848829,0,0
765,0.0001796753205199434,0,0
766,0.00018938583475505358,0,0
767,0.00017978707903967231,0,0
768,7.023221570415141e-05,0,0
769,7.610424462049651e-05,0,0
770,6.972439128484861e-05,0,0
771,6.997384926524846e-05,0,0
772,7.380318913935938e-05,0,0
773,8.394987362228167e-05,0,0
774,9.532665250679433e-05,0,0
775,0.00010895288220189847,0,0
776,0.00011702257857285973,0,0
777,0.00011106876545666218,0,0
778,3.353391086229569e-05,0,0
779,8.705936072908969e-05,0,0
780,9.175485937692015e-05,0,0
781,9.265819326244695e-05,0,0
782,9.842963207796458e-05,0,0
783,0.00010814966700239651,0,0
784,0.000120649540020081,0,0
785,0.00013418810045790142,0,0
786,0.0001424960424010826,0,0
787,0.0001345725418101876,0,0
788,4.472256200450653e-05,0,0
789,8.846655586915419e-05,0,0
790,8.471045884219436e-05,0,0
791,8.548187825033971e-05,0,0
792,9.050767447633032e-05,0,0
793,0.00010024032209001211,0,0
794,0.00011213801356535658,0,0
795,0.0001253420296929956,0,0
796,0.00013282344713677746,0,0
797,0.00012527198140624792,0,0
798,4.0036196683471424e-05,0,0
799,0.00010174667393198907,0,0
800,9.759229924867319e-05,0,0
801,9.847417640308682e-05,0,0
802,0.00010440729566478635,0,0
803,0.00011464146140475554,0,0
804,0.00012768369776345676,0,0
805,0.00014214857788704966,0,0
806,0.00015035275212883266,0,0
807,0.0001380589497420501,0,0
808,4.371375217770419e-05,0,0
809,6.594723460228683e-05,0,0
810,6.406649042083272e-05,0,0
811,6.705299959666268e-05,0,0
812,7.458490151131303e-05,0,0
813,8.577735775987506e-05,0,0
814,9.77265440889266e-05,0,0
815,0.00010708854017208506,0,0
816,9.241384590148355e-05,0,0
817,0.0001019729692960692,0,0
818,2.9577726160289754e-05,0,0
819,0.00010174676070950198,0,0
820,9.759229924867319e-05,0,0
821,9.847417640308682e-05,0,0
822,0.00010440729566478635,0,0
823,0.00011464146140475554,0,0
824,0.0001236219073413203,0,0
825,0.00013719707142801504,0,0
826,0.0001455854188871639,0,0
827,0.0001385700722789856,0,0
828,4.5968761226960316e-05,0,0
829,3.778554785298232e-05,0,0
830,4.4749801362795906e-05,0,0
831,4.1638665470107666e-05,0,0
832,4.173726862188743e-05,0,0
833,2.800593384961658e-05,0,0
834,5.2917212458782936e-05,0,0
835,6.431489881159517e-05,0,0
836,7.467608586813857e-05,0,0
837,7.477623676596975e-05,0,0
838,9.481949069926603e-05,0,0
839,6.067148838774381e-05,0,0
840,7.303525911931815e-05,0,0
841,8.518170932021482e-05,0,0
842,9.404440221584083e-05,0,0
843,0.00010563386062337897,0,0
844,0.00011845862741121406,0,0
845,0.00012659826079535068,0,0
846,0.00012005081260055552,0,0
847,3.805913081966911e-05,0,0
848,4.244887323210063e-05,0,0
849,0.00016016646213079598,0,0
850,0.00016222198332348437,0,0
851,0.0001663126106248004,0,0
852,0.00017459470239301542,0,0
853,0.00019152911029449946,0,0
854,0.00021441496316456184,0,0
855,0.0002417175707052455,0,0
856,0.00026134493561555036,0,0
857,0.00025548426737828634,0,0
858,0.00012856782924006383,0,0
859,2.2061466897373775e-05,0,0
860,0.00013689592484595245,0,0
861,0.00013196872482486337,0,0
862,0.00013307273935183288,0,0
863,0.00014022546796159342,0,0
864,0.00015248012143295335,0,0
865,0.00016805233752702236,0,0
866,0.0001849463519512605,0,0
867,0.00019499422223662413,0,0
868,0.00018507337126288736,0,0
869,7.338929171430554e-05,0,0
870,4.154563583056545e-05,0,0
871,8.090094047616407e-05,0,0
872,7.739071803201564e-05,0,0
873,7.821021435429558e-05,0,0
874,8.333809100839786e-05,0,0
875,9.209704755233162e-05,0,0
876,0.00010289717026090808,0,0
877,0.00011570867589700564,0,0
878,0.00012274273421118093,0,0
879,0.00011564009721039668,0,0
880,3.546265075358127e-05,0,0
881,4.153431688265107e-05,0,0
882,4.151711581005623e-05,0,0
883,4.34498632243353e-05,0,0
884,5.126749251475989e-05,0,0
885,4.9163410650229455e-05,0,0
886,5.235356264727873e-05,0,0
887,6.037990151286546e-05,0,0
888,7.208298197807087e-05,0,0
889,8.600436761085635e-05,0,0
890,9.757035799262803e-05,0,0
891,9.90184511093452e-05,0,0
892,5.268163010554293e-05,0,0
893,2.1060098929386447e-05,0,0
894,4.1313309101740374e-05,0,0
895,9.334292343522107e-05,0,0
896,8.941425579649013e-05,0,0
897,9.024929188818721e-05,0,0
898,9.586136042562969e-05,0,0
899,0.0001055448850017349,0,0
900,0.00011787869864993945,0,0
901,0.00013156334062323322,0,0
902,0.00013931990938687288,0,0
903,0.00013132540822056326,0,0
904,4.295958697697555e-05,0,0
905,4.152083721825138e-05,0,0
906,4.154563583056545e-05,0,0
907,9.768180940528766e-05,0,0
908,9.368591723442381e-05,0,0
909,9.460640075877208e-05,0,0
910,0.00010042521952070385,0,0
911,0.00011037078062869393,0,0
912,0.0001226969934225924,0,0
913,0.00013718990592007316,0,0
914,0.00014518768797949913,0,0
915,0.00013711773798192294,0,0
916,4.6046257870398536e-05,0,0
917,4.1701413149326436e-05,0,0
918,4.1701413149326436e-05,0,0
919,0.00010174676070950198,0,0
920,9.759229924867319e-05,0,0
921,9.847417640308682e-05,0,0
922,0.00010440729566478635,0,0
923,0.00011464146140475554,0,0
924,0.00012768369776345676,0,0
925,0.00014214857788704966,0,0
926,0.00015035283092629188,0,0
927,0.00014207569368914738,0,0
928,4.867021204612105e-05,0,0
929,4.1701413149326436e-05,0,0
930,4.1701413149326436e-05,0,0
931,0.00010174676070950198,0,0
932,9.759229924867319e-05,0,0
933,9.847417640308682e-05,0,0
934,0.00010440729566478635,0,0
935,0.00011464146140475554,0,0
936,0.00012768369776345676,0,0
937,0.00014214857788704966,0,0
938,0.00015035275212883266,0,0
939,0.00014207573440877197,0,0
940,4.867021204612105e-05,0,0
941,4.1701413149326436e-05,0,0
942,4.1701413149326436e-05,0,0
943,0.00012416728672749803,0,0
944,0.00011947483438260205,0,0
945,0.00012046791224871291,0,0
946,0.00012716555696977658,0,0
947,0.00013871067166974636,0,0
948,0.0001532770393809351,0,0
949,0.0001695841069215234,0,0
950,0.0001788615011983898,0,0
951,0.00016953649356865673,0,0
952,6.411482979434594e-05,0,0
953,4.164270281832736e-05,0,0
954,4.1703368809804254e-05,0,0
955,0.00012112175038377811,0,0
956,0.00011646412580985227,0,0
957,0.0001170535211494821,0,0
958,0.00012404056391866492,0,0
959,0.0001354168063407228,0,0
960,0.0001499316150046442,0,0
961,0.00016601653925097819,0,0
962,0.00017515177824218697,0,0
963,0.00016594068539928044,0,0
964,6.203221858368364e-05,0,0
965,4.1701413149326436e-05,0,0
966,4.1701413149326436e-05,0,0
967,8.906214895283337e-05,0,0
968,8.525494821660344e-05,0,0
969,8.606470495738189e-05,0,0
970,9.15041924060641e-05,0,0
971,0.00010089107779689567,0,0
972,0.00011284342087633063,0,0
973,0.00012610729148920469,0,0
974,0.0001336232269652402,0,0
975,0.0001260372647356743,0,0
976,4.041242991902813e-05,0,0
977,4.1701413149326436e-05,0,0
978,4.153431688265107e-05,0,0
979,8.65085103687229e-05,0,0
980,8.277425784364873e-05,0,0
981,8.359444403374537e-05,0,0
982,8.897782802730007e-05,0,0
983,9.824920693615273e-05,0,0
984,0.00011004442254012887,0,0
985,0.00012310197814866057,0,0
986,0.00013027892752813655,0,0
987,0.00012242428434099166,0,0
988,3.874768525756374e-05,0,0
989,4.154563583056545e-05,0,0
990,4.158852757411081e-05,0,0
991,4.1642747400761695e-05,0,0
992,4.1703368809804254e-05,0,0
993,3.98790818002165e-05,0,0
994,5.972931503665168e-05,0,0
995,5.6719587740703705e-05,0,0
996,5.980956587455041e-05,0,0
997,6.758054900752969e-05,0,0
998,7.933865902605988e-05,0,0
999,9.360626633914952e-05,0,0
1000,0.00010664768606960623,0,0
1001,0.00010953416640569998,0,0
1002,7.101115859301622e-05,0,0
1003,2.5673203913792183e-05,0,0
1004,4.1701413149326436e-05,0,0
1005,0.00011217637317370764,0,0
1006,0.00010776185272618662,0,0
1007,0.00010869742564350511,0,0
1008,0.00011500057069158884,0,0
1009,0.00012586936608706994,0,0
1010,0.0001397295541491305,0,0
1011,0.0001550947434766276,0,0
1012,0.00016381603799130623,0,0
1013,0.00015502031647889408,0,0
1014,5.5779452103449434e-05,0,0
1015,4.1701413149326436e-05,0,0
1016,4.1701413149326436e-05,0,0
1017,8.669272125806231e-05,0,0
1018,8.295492872382969e-05,0,0
1019,8.375026952174382e-05,0,0
1020,8.909115486923613e-05,0,0
1021,9.814170394507719e-05,0,0
1022,0.00010985835755337337,0,0
1023,0.00012288575659297158,0,0
1024,0.000130288950654102,0,0
1025,0.00012288367423627636,0,0
1026,3.886951062904189e-05,0,0
1027,4.1536260635653654e-05,0,0
1028,4.155285628057757e-05,0,0
1029,9.568659526405989e-05,0,0
1030,9.132398915419871e-05,0,0
1031,9.260391734151019e-05,0,0
1032,9.836902052933484e-05,0,0
1033,0.00010828226037102513,0,0
1034,0.00012086852312872566,0,0
1035,0.00013475859073658702,0,0
1036,0.00014226374054489315,0,0
1037,0.0001346857313671036,0,0
1038,4.478164259104921e-05,0,0
1039,4.1701413149326436e-05,0,0
1040,4.1701413149326436e-05,0,0
1041,9.272083317847903e-05,0,0
1042,8.743207606783921e-05,0,0
1043,8.810772654142923e-05,0,0
1044,9.372798026640817e-05,0,0
1045,0.00010359070310384177,0,0
1046,0.00011625378091013106,0,0
1047,0.0001303662890158326,0,0
1048,0.00013863280915107497,0,0
1049,0.00013114758140622806,0,0
1050,4.2877942558793544e-05,0,0
1051,3.8335368084252244e-05,0,0
1052,4.153431688265107e-05,0,0
1053,0.00010223325333226045,0,0
1054,9.806518103517152e-05,0,0
1055,9.89753941348125e-05,0,0
1056,0.00010497591923598374,0,0
1057,0.0001153063408657611,0,0
1058,0.00012846409772264606,0,0
1059,0.00014302272679207281,0,0
1060,0.00015122717613716546,0,0
1061,0.00014252599955039876,0,0
1062,4.911949979164352e-05,0,0
1063,4.153431688265107e-05,0,0
1064,3.784877200093389e-05,0,0
1065,7.442197001128104e-05,0,0
1066,7.106913910760768e-05,0,0
1067,7.267345551173238e-05,0,0
1068,7.913367125768076e-05,0,0
1069,8.943177168869707e-05,0,0
1070,9.858622968409514e-05,0,0
1071,0.00011080660073663213,0,0
1072,0.0001164256074559221,0,0
1073,9.853212894126622e-05,0,0
1074,3.350075511067353e-05,0,0
1075,4.435966757086129e-05,0,0
1076,4.8021129465994186e-05,0,0
1077,0.00011007407956840265,0,0
1078,0.00010345052938500658,0,0
1079,8.136249241009105e-05,0,0
1080,0.00010440729566478635,0,0
1081,0.00011464146140475554,0,0
1082,0.00012768369776345676,0,0
1083,0.00014214857788704966,0,0
1084,0.00015035275212883266,0,0
1085,0.00014207573440877197,0,0
1086,4.867021370623323e-05,0,0
1087,4.170136932979544e-05,0,0
1088,4.1701413149326436e-05,0,0
1089,7.991989951275582e-05,0,0
1090,7.639037434676027e-05,0,0
1091,7.714215191999534e-05,0,0
1092,8.218689543579024e-05,0,0
1093,9.089535212206885e-05,0,0
1094,0.00010197611941790833,0,0
1095,0.00011427883438039542,0,0
1096,0.00012124429480274207,0,0
1097,0.0001142106102696321,0,0
1098,3.481137091758016e-05,0,0
1099,4.153431688265107e-05,0,0
1100,7.758969627838493e-05,0,0
1101,7.41329084336845e-05,0,0
1102,7.489527261518673e-05,0,0
1103,7.988381090621032e-05,0,0
1104,8.847664580039277e-05,0,0
1105,9.940020754337214e-05,0,0
1106,0.00011149622160786013,0,0
1107,0.00011829000912110031,0,0
1108,0.00011100517899487487,0,0
1109,3.355056686013987e-05,0,0
1110,4.153431688265107e-05,0,0
1111,0.00018088268459218502,0,0
1112,0.00017508296142581135,0,0
1113,0.00017632810132531683,0,0
1114,0.0001846466435924053,0,0
1115,0.00019894378778393908,0,0
1116,0.00021723354846605426,0,0
1117,0.0002374246831876104,0,0
1118,0.00024887813042364477,0,0
1119,0.00023692071383165178,0,0
1120,0.00010695588194357016,0,0
1121,4.1701413149326436e-05,0,0
1122,5.602053117571943e-05,0,0
1123,5.340992006798239e-05,0,0
1124,5.396906114500733e-05,0,0
1125,5.770389499171941e-05,0,0
1126,6.416052565953425e-05,0,0
1127,7.23565048144575e-05,0,0
1128,8.147123940967437e-05,0,0
1129,8.661811967074218e-05,0,0
1130,8.14117461660605e-05,0,0
1131,2.26380114843636e-05,0,0
1132,4.1701413149326436e-05,0,0
1133,4.1701413149326436e-05,0,0
1134,0.00010174676070950198,0,0
1135,9.759229924867319e-05,0,0
1136,9.847417640308682e-05,0,0
1137,0.00010440729566478635,0,0
1138,0.00011464146140475554,0,0
1139,0.00012768369776345676,0,0
1140,0.00014214857788704966,0,0
1141,0.00015035275212883266,0,0
1142,0.00014207573440877197,0,0
1143,4.867021204612105e-05,0,0
1144,4.1701413149326436e-05,0,0
1145,4.1701413149326436e-05,0,0
1146,0.00010174676070950198,0,0
1147,9.759229924867319e-05,0,0
1148,9.847417640308682e-05,0,0
1149,0.00010440729566478635,0,0
1150,0.00011464135680495173,0,0
1151,0.00012768374889401333,0,0
1152,0.00014214857788704966,0,0
1153,0.00015035275212883266,0,0
1154,0.00014207573440877197,0,0
1155,4.867021204612105e-05,0,0
1156,4.1701413149326436e-05,0,0
1157,4.1701413149326436e-05,0,0
1158,0.0003628771939240568,0,0
1159,0.0003545543406169078,0,0
1160,0.00035628025192708086,0,0
1161,0.000368125914465903,0,0
1162,0.00038844339373427975,0,0
1163,0.000414612283454065,0,0
1164,0.00044342015855008634,0,0
1165,0.0004599612987542318,0,0
1166,0.00044334639102060186,0,0
1167,0.00025663575641134,0,0
1168,4.1701413149326436e-05,0,0
1169,4.1701413149326436e-05,0,0
1170,0.00010174676070950198,0,0
1171,9.759229924867319e-05,0,0
1172,9.847417640308682e-05,0,0
1173,0.00010440729566478635,0,0
1174,0.00011464146140475554,0,0
1175,0.00012768369776345676,0,0
1176,0.00014214857788704966,0,0
1177,0.00015035275212883266,0,0
1178,0.00014207573440877197,0,0
1179,0.00010872921280412665,0,0
1180,9.759229924867319e-05,0,0
1181,9.847417640308682e-05,0,0
1182,0.00010440721464292277,0,0
1183,0.00011464135680495173,0,0
1184,0.00012768369776345676,0,0
1185,0.00014214857788704966,0,0
1186,0.00015035275212883266,0,0
1187,0.00014207573440877197,0,0
1188,4.867021204612105e-05,0,0
1189,4.1701413149326436e-05,0,0
1190,4.1701413149326436e-05,0,0
1191,0.00010174676070950198,0,0
1192,9.759229924867319e-05,0,0
1193,9.847417640308682e-05,0,0
1194,0.00010440729566478635,0,0
1195,0.00011464146140475554,0,0
1196,0.00012768369776345676,0,0
1197,0.00014214857788704966,0,0
1198,0.00015035275212883266,0,0
1199,0.00014207573440877197,0,0
1200,4.867021204612105e-05,0,0
1201,4.1701413149326436e-05,0,0
1202,4.1701413149326436e-05,0,0
1203,0.00010174676070950198,0,0
1204,9.759229924867319e-05,0,0
1205,9.847417640308682e-05,0,0
1206,0.00010440729566478635,0,0
1207,0.00011464146140475554,0,0
1208,0.00012768369776345676,0,0
1209,0.00014214857788704966,0,0
1210,0.00015035275212883266,0,0
1211,0.00014207573440877197,0,0
1212,4.867021204612105e-05,0,0
1213,4.1701413149326436e-05,0,0
1214,4.170136932979544e-05,0,0
1215,4.170136932979544e-05,0,0
1216,0.00010174676070950198,0,0
1217,9.759229924867319e-05,0,0
1218,9.847417640308682e-05,0,0
1219,0.00010440729566478635,0,0
1220,0.00011464146140475554,0,0
1221,0.00012768369776345676,0,0
1222,0.00014214857788704966,0,0
1223,0.00015035275212883266,0,0
1224,0.00014207573440877197,0,0
1225,4.867021204612105e-05,0,0
1226,4.1701413149326436e-05,0,0
1227,4.1701413149326436e-05,0,0
1228,0.00010174676070950198,0,0
1229,9.759229924867319e-05,0,0
1230,9.847417640308682e-05,0,0
1231,0.00010440729566478635,0,0
1232,0.00011464146140475554,0,0
1233,0.00018772725312068755,0,0
1234,0.00019801382096895767,0,0
1235,0.0002070714515045895,0,0
1236,0.0002047269720935089,0,0
1237,0.00012152365552114558,0,0
1238,0.00012768369776345676,0,0
1239,0.00014214857788704966,0,0
1240,0.000221563575744538,0,0
1241,0.00020882875833431853,0,0
1242,0.00011633041824635222,0,0
1243,0.00011573474353023976,0,0
1244,0.0001266457588197153,0,0
1245,0.00014039365005443375,0,0
1246,0.00015580140291604507,0,0
1247,0.00016456071134733397,0,0
1248,0.00015510859249815868,0,0
1249,5.545187906735795e-05,0,0
1250,4.09416278388481e-05,0,0
1251,8.435225478968125e-05,0,0
1252,8.087157365289495e-05,0,0
1253,8.183735245997743e-05,0,0
1254,8.600729509249466e-05,0,0
1255,9.534964815762768e-05,0,0
1256,0.00010678693650037401,0,0
1257,0.00011822465474100093,0,0
1258,0.00012731450961744566,0,0
1259,0.00012033850595825936,0,0
1260,3.7853945958511025e-05,0,0
1261,4.197040320260555e-05,0,0
1262,0.00010117482803312375,0,0
1263,0.00013850048340854557,0,0
1264,0.00013754706665964966,0,0
1265,0.00014459826146105166,0,0
1266,0.00015974571579823092,0,0
1267,0.00018173846359031463,0,0
1268,0.00020783646293866752,0,0
1269,0.0002289076054172477,0,0
1270,0.00022511538924658986,0,0
1271,0.0001243741046444659,0,0
1272,3.4840952787268494e-05,0,0
1273,3.900147776251567e-05,0,0
1274,3.9962336800445654e-05,0,0
1275,4.048440470210362e-05,0,0
1276,4.2708764597433935e-05,0,0
1277,4.352345432076789e-05,0,0
1278,4.164611603253473e-05,0,0
1279,3.07498187040112e-05,0,0
1280,3.943278878163164e-05,0,0
1281,4.165993452806487e-05,0,0
1282,4.5348327676718516e-05,0,0
1283,5.0211812218827566e-05,0,0
1284,5.565382821579736e-05,0,0
1285,5.874029515228011e-05,0,0
1286,5.390336297554201e-05,0,0
1287,1.8720778727636523e-05,0,0
1288,3.976738215683229e-05,0,0
1289,4.009841083900533e-05,0,0
1290,5.0223314628003206e-05,0,0
1291,4.81144709720782e-05,0,0
1292,4.9734533200937364e-05,0,0
1293,5.3531879782216764e-05,0,0
1294,5.89767836488739e-05,0,0
1295,6.174131857288396e-05,0,0
1296,7.444023056656536e-05,0,0
1297,0.00013916053234542421,0,0
1298,0.00013026416728446623,0,0
1299,7.780782072564689e-05,0,0
1300,0.00010440729566478635,0,0
1301,0.00011464146140475554,0,0
1302,0.00012768369776345676,0,0
1303,0.00014214857788704966,0,0
1304,0.00015035275212883266,0,0
1305,0.00014207573440877197,0,0
1306,4.867021204612105e-05,0,0
1307,4.1701413149326436e-05,0,0
1308,4.1701413149326436e-05,0,0
1309,3.8417307319146214e-05,0,0
1310,3.795155067660499e-05,0,0
1311,3.805252055518982e-05,0,0
1312,3.464241344592089e-05,0,0
1313,3.497194890470598e-05,0,0
1314,3.661282550004262e-05,0,0
1315,3.9433682651465114e-05,0,0
1316,6.20905145489887e-05,0,0
1317,6.0898999649025435e-05,0,0
1318,5.3891801407023964e-05,0,0
1319,6.886453582889546e-05,0,0
1320,7.425533587253409e-05,0,0
1321,6.453188567778743e-05,0,0
1322,8.918545972685716e-05,0,0
1323,9.481237613695173e-05,0,0
1324,8.505694231936844e-05,0,0
1325,2.0036908319330042e-05,0,0
1326,3.700990141042766e-05,0,0
1327,3.814840420969076e-05,0,0
1328,7.308113557794949e-05,0,0
1329,7.22123613809735e-05,0,0
1330,7.57003053366954e-05,0,0
1331,8.206614870981048e-05,0,0
1332,8.8757694969364e-05,0,0
1333,8.139110970102613e-05,0,0
1334,0.00010733889281263984,0,0
1335,0.00011396108587240043,0,0
1336,0.0001072723634432924,0,0
1337,3.1764187044164455e-05,0,0
1338,0.00010174676070950198,0,0
1339,9.759229924867319e-05,0,0
1340,9.847417640308682e-05,0,0
1341,0.00010440729566478635,0,0
1342,0.00011464135680495173,0,0
1343,0.00012768374889401333,0,0
1344,0.0001380798505724312,0,0
1345,0.0001454640201482756,0,0
1346,0.00013735451722578576,0,0
1347,4.511403383768652e-05,0,0
1348,7.26219443667795e-05,0,0
1349,7.18246169154858e-05,0,0
1350,7.536914455408404e-05,0,0
1351,8.174448326358222e-05,0,0
1352,8.835895528138119e-05,0,0
1353,8.054885150603494e-05,0,0
1354,0.00010666408368686348,0,0
1355,0.00011325185872431186,0,0
1356,0.0001065979135144659,0,0
1357,3.14787505361052e-05,0,0
1358,4.1701413149326436e-05,0,0
1359,0.00011435666674473272,0,0
1360,0.000109890023310735,0,0
1361,0.00011083644255126496,0,0
1362,0.00011721339756865666,0,0
1363,0.0001282089953222153,0,0
1364,0.00014223317093900624,0,0
1365,0.00015777798709081764,0,0
1366,0.0001666028044969965,0,0
1367,0.00015770310426427755,0,0
1368,5.72955743938574e-05,0,0
1369,4.153431688265107e-05,0,0
1370,9.378410957496337e-05,0,0
1371,8.984169496730886e-05,0,0
1372,9.070502457084591e-05,0,0
1373,9.621754900495663e-05,0,0
1374,0.0001059802399737759,0,0
1375,0.0001184328564193905,0,0
1376,0.0001322356498099383,0,0
1377,0.00014003567804736164,0,0
1378,0.00013183812192587408,0,0
1379,4.3549511800598e-05,0,0
1380,4.15701761529338e-05,0,0
1381,9.568274510929334e-05,0,0
1382,9.129891712363316e-05,0,0
1383,9.256113521301541e-05,0,0
1384,9.831480720411745e-05,0,0
1385,0.00010822179427500222,0,0
1386,0.00012083455985143015,0,0
1387,0.00013479286241714015,0,0
1388,0.00014265307025018497,0,0
1389,0.00013429756197718383,0,0
1390,4.478164259104921e-05,0,0
1391,7.991989951275582e-05,0,0
1392,7.639037434676027e-05,0,0
1393,7.714215191999534e-05,0,0
1394,8.218689543579024e-05,0,0
1395,8.75669304150264e-05,0,0
1396,9.727639946622915e-05,0,0
1397,0.0001098039054680294,0,0
1398,0.00011848947341878408,0,0
1399,0.0001142597611517781,0,0
1400,3.8633926215104275e-05,0,0
1401,4.977104905901131e-05,0,0
1402,5.2202144893055764e-05,0,0
1403,4.9896488371041014e-05,0,0
1404,2.3060889235738242e-05,0,0
1405,4.131521707058843e-05,0,0
1406,8.050088081192114e-05,0,0
1407,7.691937588194994e-05,0,0
1408,7.728569888345758e-05,0,0
1409,8.274291282926377e-05,0,0
1410,9.149395057216844e-05,0,0
1411,0.00010262905813121337,0,0
1412,0.0001149918402619359,0,0
1413,0.00012199174330577367,0,0
1414,0.00011492355200490619,0,0
1415,3.513522666711334e-05,0,0
1416,3.91590219331306e-05,0,0
1417,6.827174475407198e-05,0,0
1418,6.528208085903041e-05,0,0
1419,6.790738898835747e-05,0,0
1420,7.591584272446578e-05,0,0
1421,8.803040845622661e-05,0,0
1422,0.00015653351561380763,0,0
1423,0.00016657518426155615,0,0
1424,0.00017119300033294495,0,0
1425,0.00013988271493536666,0,0
1426,9.595259339157023e-05,0,0
1427,0.00011991005302241709,0,0
1428,0.00013383283733655978,0,0
1429,0.00014170153506254165,0,0
1430,0.0001334348160569831,0,0
1431,4.4368181834232004e-05,0,0
1432,4.173717846891163e-05,0,0
1433,0.00010445244697964019,0,0
1434,9.983933144041014e-05,0,0
1435,0.00010112358854800962,0,0
1436,0.00010698844597170878,0,0
1437,0.00011737426790317781,0,0
1438,0.0001306385370279377,0,0
1439,0.00014520100937513863,0,0
1440,0.0001535688858172637,0,0
1441,0.00014521120099017458,0,0
1442,5.0334583154040454e-05,0,0
1443,4.162432636455406e-05,0,0
1444,8.605157782076458e-05,0,0
1445,8.200249059432666e-05,0,0
1446,8.321597425037033e-05,0,0
1447,8.849763568125697e-05,0,0
1448,0.0001743934613523782,0,0
1449,0.0001818573897048675,0,0
1450,0.00019572910374151924,0,0
1451,0.00020963588110509097,0,0
1452,0.00022959372356032987,0,0
1453,0.00015755554217029933,0,0
1454,0.0001772076066236903,0,0
1455,0.00019012435457038869,0,0
1456,0.00018381315514057957,0,0
1457,8.46849017054932e-05,0,0
1458,7.459896771890573e-05,0,0
1459,8.162349071100357e-05,0,0
1460,8.029701942662892e-05,0,0
1461,2.141280121692526e-05,0,0
1462,4.5936832382376176e-05,0,0
1463,5.175403646321957e-05,0,0
1464,5.2743246931454694e-05,0,0
1465,5.808185425318171e-05,0,0
1466,5.083269415126494e-05,0,0
1467,7.109648550068044e-05,0,0
1468,7.692686352319867e-05,0,0
1469,8.343441433268832e-05,0,0
1470,7.758172477134205e-05,0,0
1471,0.000101882133852326,0,0
1472,0.00010810527629740692,0,0
1473,0.00010156287898455132,0,0
1474,8.27532848265216e-05,0,0
1475,9.09483453002694e-05,0,0
1476,9.182673051708092e-05,0,0
1477,9.722072916311512e-05,0,0
1478,0.00010753383220877394,0,0
1479,0.00015108156009294442,0,0
1480,0.00016012561757207264,0,0
1481,0.00016806682912288382,0,0
1482,0.00016486652962637366,0,0
1483,8.40771002308906e-05,0,0
1484,9.222321195898147e-05,0,0
1485,0.00010422642117763818,0,0
1486,0.00011131604872903963,0,0
1487,0.00016515910034300757,0,0
1488,8.669458759398789e-05,0,0
1489,9.474991894548509e-05,0,0
1490,0.00010440729566478635,0,0
1491,0.00011464146140475554,0,0
1492,0.00018772725312068755,0,0
1493,0.00019801382096895767,0,0
1494,0.0002070714515045895,0,0
1495,0.0002047269720935089,0,0
1496,0.00012152365552114558,0,0
1497,0.00012768369776345676,0,0
1498,0.00014214857788704966,0,0
1499,0.00014627994361667135,0,0
1500,0.0001381243203759725,0,0
1501,4.20770494263774e-05,0,0
1502,3.511183923368073e-05,0,0
1503,4.001588650846575e-05,0,0
1504,4.9206638996421595e-05,0,0
1505,6.14878812494071e-05,0,0
1506,7.416436980739622e-05,0,0
1507,8.142158636721836e-05,0,0
1508,6.229243963015495e-05,0,0
1509,3.418332108516825e-05,0,0
1510,2.0760455974575183e-05,0,0
1511,0.0001114566306658366,0,0
1512,0.00010705964842352826,0,0
1513,0.00010799154801839805,0,0
1514,0.0001142700004063493,0,0
1515,0.0001250964735259805,0,0
1516,0.0001387354165116895,0,0
1517,0.00015402271548342112,0,0
1518,0.00016271350785296157,0,0
1519,0.00015397681953589767,0,0
1520,5.500099830935512e-05,0,0
1521,4.145845657995526e-05,0,0
1522,4.152276036759326e-05,0,0
1523,4.158142555089941e-05,0,0
1524,4.158973674320041e-05,0,0
1525,0.00012449981051177063,0,0
1526,0.00012023835890270626,0,0
1527,0.00012126878309921088,0,0
1528,0.00012795667743704204,0,0
1529,0.00013898762935161645,0,0
1530,0.00015414637505665264,0,0
1531,0.00017053447191018884,0,0
1532,0.00017986721705462035,0,0
1533,0.0001705259351925301,0,0
1534,6.472690788186293e-05,0,0
1535,4.170325260821555e-05,0,0
1536,4.173717846891163e-05,0,0
1537,4.170256047044781e-05,0,0
1538,7.685794091657575e-05,0,0
1539,7.380336795245109e-05,0,0
1540,7.45372451731329e-05,0,0
1541,7.94583574239082e-05,0,0
1542,8.778777068477338e-05,0,0
1543,9.857875625643661e-05,0,0
1544,0.00011058453856721651,0,0
1545,0.00011740302304296879,0,0
1546,0.0001105846805387552,0,0
1547,3.318523141835813e-05,0,0
1548,4.1703368809804254e-05,0,0
1549,4.173717846891163e-05,0,0
1550,4.170256047044781e-05,0,0
1551,0.00013254141478333622,0,0
1552,0.00012666856522993014,0,0
1553,0.00012754522415566442,0,0
1554,0.00013454645452114507,0,0
1555,0.00014677758951230294,0,0
1556,0.0001624939512428933,0,0
1557,0.00017996644307873163,0,0
1558,0.00019016377606201267,0,0
1559,0.0001807417343225992,0,0
1560,7.068885089303217e-05,0,0
1561,3.8335368084252244e-05,0,0
1562,4.1701413149326436e-05,0,0
1563,4.1701413149326436e-05,0,0
1564,6.788171906087405e-05,0,0
1565,6.476926635638847e-05,0,0
1566,6.54339654628148e-05,0,0
1567,6.988594109244452e-05,0,0
1568,7.757546410013749e-05,0,0
1569,8.73493013534207e-05,0,0
1570,9.820919265564466e-05,0,0
1571,0.00010435050457711188,0,0
1572,9.814481697641543e-05,0,0
1573,2.8084429162187698e-05,0,0
1574,4.1701413149326436e-05,0,0
1575,4.1701413149326436e-05,0,0
1576,4.1701413149326436e-05,0,0
1577,4.6587749177398144e-05,0,0
1578,4.939698177026696e-05,0,0
1579,4.602898578243911e-05,0,0
1580,4.796666461133166e-05,0,0
1581,5.636862235937839e-05,0,0
1582,6.992825393178527e-05,0,0
1583,8.730776969803564e-05,0,0
1584,0.0001032480990118657,0,0
1585,0.00010838845665855844,0,0
1586,6.047344643884618e-05,0,0
1587,3.255644350515134e-05,0,0
1588,2.1184008119903417e-05,0,0
1589,4.173717846891163e-05,0,0
1590,6.431759958945689e-05,0,0
1591,6.095453570555759e-05,0,0
1592,6.197805471251431e-05,0,0
1593,6.623212186121053e-05,0,0
1594,7.358191282104951e-05,0,0
1595,8.292047715129807e-05,0,0
1596,9.329893190220846e-05,0,0
1597,9.899868119212197e-05,0,0
1598,9.30516666058547e-05,0,0
1599,2.610825005379564e-05,0,0
1600,4.154563583056545e-05,0,0
1601,4.158849475782348e-05,0,0
1602,4.164270281832736e-05,0,0
1603,8.966512483266297e-05,0,0
1604,8.5227348955555e-05,0,0
1605,8.59368840185506e-05,0,0
1606,9.102606433353049e-05,0,0
1607,0.00010094229199547405,0,0
1608,0.0001131196262222988,0,0
1609,0.00012666066468137625,0,0
1610,0.00013445285903641085,0,0
1611,0.0001269690173443993,0,0
1612,4.0817246712832834e-05,0,0
1613,4.017041843033441e-05,0,0
1614,4.1701413149326436e-05,0,0
1615,4.1701413149326436e-05,0,0
1616,0.00011074036936668474,0,0
1617,0.00010422186032351072,0,0
1618,0.00010489091137877691,0,0
1619,0.00011119839413651866,0,0
1620,0.00012218509174288583,0,0
1621,0.00013655740506081062,0,0
1622,0.00015262011560147394,0,0
1623,0.0001622041158377453,0,0
1624,0.00015403374990164377,0,0
1625,5.1199230924393074e-05,0,0
1626,3.133293248682918e-05,0,0
1627,3.703629131287439e-05,0,0
1628,3.843730755076176e-05,0,0
1629,6.229557704031679e-05,0,0
1630,6.28810068721625e-05,0,0
1631,6.700554726647503e-05,0,0
1632,7.31875498012257e-05,0,0
1633,7.844500462979617e-05,0,0
1634,6.510174053070493e-05,0,0
1635,9.210606431868593e-05,0,0
1636,9.790447339419208e-05,0,0
1637,9.20435895638617e-05,0,0
1638,2.587480645747869e-05,0,0
1639,4.1701413149326436e-05,0,0
1640,4.1701413149326436e-05,0,0
1641,4.1701413149326436e-05,0,0
1642,4.342733878768256e-05,0,0
1643,5.967319017681514e-05,0,0
1644,5.727121105707459e-05,0,0
1645,6.048682338486292e-05,0,0
1646,6.900037497262589e-05,0,0
1647,8.16069696837539e-05,0,0
1648,9.677101902712155e-05,0,0
1649,0.0001100774979132232,0,0
1650,0.00011193665163176409,0,0
1651,6.512612327240938e-05,0,0
1652,2.4184718209672257e-05,0,0
1653,4.1701413149326436e-05,0,0
1654,4.1701413149326436e-05,0,0
1655,4.1701413149326436e-05,0,0
1656,9.087590038261815e-05,0,0
1657,8.701645616566139e-05,0,0
1658,8.783710227743335e-05,0,0
1659,9.335053401816101e-05,0,0
1660,0.00010286460403031205,0,0
1661,0.00011498055146297145,0,0
1662,0.00012842487266389517,0,0
1663,0.00013604389526942928,0,0
1664,0.00012835406571931433,0,0
1665,4.156215439157147e-05,0,0
1666,4.1701413149326436e-05,0,0
1667,4.1701413149326436e-05,0,0
1668,4.1701413149326436e-05,0,0
1669,8.437914467377428e-05,0,0
1670,8.022029437469087e-05,0,0
1671,8.094945276697021e-05,0,0
1672,8.62021721447954e-05,0,0
1673,9.532384391207514e-05,0,0
1674,0.00010680137407972313,0,0
1675,0.00011973016157896033,0,0
1676,0.00012715595396607085,0,0
1677,0.00011997355501741243,0,0
1678,3.723374454918946e-05,0,0
1679,4.030504808584847e-05,0,0
1680,4.152276036759326e-05,0,0
1681,4.158142555089941e-05,0,0
1682,4.158973674320041e-05,0,0
1683,0.00013005116446490145,0,0
1684,0.00012550132076451448,0,0
1685,0.00012653949115200145,0,0
1686,0.00013340331013827808,0,0
1687,0.0001449215260462915,0,0
1688,0.00016052258293936217,0,0
1689,0.00017738065889058715,0,0
1690,0.00018699116995916367,0,0
1691,0.00017723207955114867,0,0
1692,6.860400390407918e-05,0,0
1693,4.1132939168588105e-05,0,0
1694,4.154562403964437e-05,0,0
1695,4.158852757411081e-05,0,0
1696,0.00010168791431318269,0,0
1697,9.367764249681902e-05,0,0
1698,9.358947096661982e-05,0,0
1699,9.969561961588993e-05,0,0
1700,0.00011097008596658349,0,0
1701,0.0001268671493144244,0,0
1702,0.00014448375638537663,0,0
1703,0.00015618953214766826,0,0
1704,0.0001497355337461094,0,0
1705,5.431274152683064e-05,0,0
1706,2.4787331336540363e-05,0,0
1707,4.154563583056545e-05,0,0
1708,4.142162052489277e-05,0,0
1709,7.191762072260779e-05,0,0
1710,6.871253423940994e-05,0,0
1711,6.946876767533223e-05,0,0
1712,7.415098240613478e-05,0,0
1713,8.1887701493018e-05,0,0
1714,9.260053773539986e-05,0,0
1715,0.00010403503053518762,0,0
1716,0.00011028432267776185,0,0
1717,0.00010336133870656582,0,0
1718,3.0190768884295412e-05,0,0
1719,4.154563583056545e-05,0,0
1720,4.158849475782348e-05,0,0
1721,4.164270281832736e-05,0,0
1722,6.607287934366559e-05,0,0
1723,6.306369790761435e-05,0,0
1724,6.367937232449972e-05,0,0
1725,6.764293370255463e-05,0,0
1726,7.555062500608198e-05,0,0
1727,8.510687598623602e-05,0,0
1728,9.572602707598632e-05,0,0
1729,0.00010173017519508828,0,0
1730,9.566257075736136e-05,0,0
1731,2.7158884028724444e-05,0,0
1732,4.1701413149326436e-05,0,0
1733,4.1701413149326436e-05,0,0
1734,4.1701413149326436e-05,0,0
1735,4.1701413149326436e-05,0,0
1736,0.0002584293153581637,0,0
1737,0.0002514284969128665,0,0
1738,0.0002528910509725076,0,0
1739,0.00026286655510143303,0,0
1740,0.0002800073522464379,0,0
1741,0.0003020111529782756,0,0
1742,0.00032629209663192214,0,0
1743,0.0003401764052777342,0,0
1744,0.00032621032061393,0,0
1745,0.0001690332986568728,0,0
1746,4.1701413149326436e-05,0,0
1747,4.1701413149326436e-05,0,0
1748,4.1701413149326436e-05,0,0
1749,3.810756240028641e-05,0,0
1750,3.69850234970834e-05,0,0
1751,3.722729897475079e-05,0,0
1752,3.883588163101653e-05,0,0
1753,3.936979641313351e-05,0,0
1754,4.2616556593815234e-05,0,0
1755,4.6604684339288324e-05,0,0
1756,4.921065238205822e-05,0,0
1757,4.7652571511707205e-05,0,0
1758,2.3221151879112145e-05,0,0
1759,4.214971537456724e-05,0,0
1760,4.2692788195881186e-05,0,0
1761,4.213961227605772e-05,0,0
1762,9.59589490665384e-05,0,0
1763,9.759229924867319e-05,0,0
1764,9.847417640308682e-05,0,0
1765,0.00010440729566478635,0,0
1766,0.00011464146140475554,0,0
1767,0.00012768369776345676,0,0
1768,0.00014214857788704966,0,0
1769,0.00015035275212883266,0,0
1770,0.00014083864789581546,0,0
1771,4.729356967398727e-05,0,0
1772,9.515860590537169e-05,0,0
1773,9.134111080063319e-05,0,0
1774,9.253458537614767e-05,0,0
1775,9.870453942978446e-05,0,0
1776,0.00010908069461470278,0,0
1777,0.00012196127691678175,0,0
1778,0.00013567023976223953,0,0
1779,0.00014048482359958232,0,0
1780,0.00013516269219852376,0,0
1781,4.46676267604535e-05,0,0
1782,4.115943184337859e-05,0,0
1783,4.1212836346549684e-05,0,0
1784,4.132335829922339e-05,0,0
1785,4.147482302132658e-05,0,0
1786,9.97035931600616e-05,0,0
1787,9.572971546039552e-05,0,0
1788,9.656511966290561e-05,0,0
1789,0.00010161117178717816,0,0
1790,0.00011210154007631234,0,0
1791,0.0001253688656283295,0,0
1792,0.00013965347586280565,0,0
1793,0.00014775459424041737,0,0
1794,0.00013958126388368368,0,0
1795,4.734253680360736e-05,0,0
1796,4.1701413149326436e-05,0,0
1797,4.1701413149326436e-05,0,0
1798,4.1701413149326436e-05,0,0
1799,0.00010174676070950198,0,0
1800,9.759229924867319e-05,0,0
1801,9.847417640308682e-05,0,0
1802,0.00010440729566478635,0,0
1803,0.00011464146140475554,0,0
1804,0.00012768369776345676,0,0
1805,0.00014214857788704966,0,0
1806,0.00015035275212883266,0,0
1807,0.00014207573440877197,0,0
1808,4.867021204612105e-05,0,0
1809,4.1701413149326436e-05,0,0
1810,4.1701413149326436e-05,0,0
1811,4.1701413149326436e-05,0,0
1812,0.00010174676070950198,0,0
1813,9.759229924867319e-05,0,0
1814,9.847417640308682e-05,0,0
1815,0.00010440729566478635,0,0
1816,0.00011464146140475554,0,0
1817,0.00012768369776345676,0,0
1818,0.00014214857788704966,0,0
1819,0.00015035275212883266,0,0
1820,0.00014207573440877197,0,0
1821,4.867021204612105e-05,0,0
1822,4.170136932979544e-05,0,0
1823,4.170136932979544e-05,0,0
1824,4.1701413149326436e-05,0,0
1825,0.00010174676070950198,0,0
1826,9.759229924867319e-05,0,0
1827,9.847417640308682e-05,0,0
1828,0.00010440729566478635,0,0
1829,0.00012621214059568023,0,0
1830,0.0001367563544995869,0,0
1831,0.00015171455489178368,0,0
1832,0.00016347838575102167,0,0
1833,0.0001612837425043151,0,0
1834,7.566110502033475e-05,0,0
1835,7.736986324247652e-05,0,0
1836,8.224274014988718e-05,0,0
1837,7.731200437374043e-05,0,0
1838,2.1652045941093515e-05,0,0
1839,4.1701413149326436e-05,0,0
1840,4.1701413149326436e-05,0,0
1841,4.1701413149326436e-05,0,0
1842,4.1701413149326436e-05,0,0
1843,5.013502555767195e-05,0,0
1844,4.783578552304164e-05,0,0
1845,4.832877794120383e-05,0,0
1846,5.161915823822585e-05,0,0
1847,5.7309218747191655e-05,0,0
1848,6.452624705051028e-05,0,0
1849,7.255682654958587e-05,0,0
1850,7.708769207753083e-05,0,0
1851,7.250119423933373e-05,0,0
1852,2.0733492247542847e-05,0,0
1853,4.1701413149326436e-05,0,0
1854,4.170136932979544e-05,0,0
1855,0.00014382900882016882,0,0
1856,0.00013872009291905616,0,0
1857,0.00013979871432997132,0,0
1858,0.00014708820861451788,0,0
1859,0.00015947976326765068,0,0
1860,0.00017550537655757414,0,0
1861,0.0001932719964815171,0,0
1862,0.00020339948817264054,0,0
1863,0.00019326155042229947,0,0
1864,7.851690921651948e-05,0,0
1865,4.1703368809804254e-05,0,0
1866,4.173717846891163e-05,0,0
1867,4.170256047044781e-05,0,0
1868,4.131346331511099e-05,0,0
1869,5.496107388170848e-05,0,0
1870,5.240236928752394e-05,0,0
1871,5.2950436753566445e-05,0,0
1872,5.66113352708552e-05,0,0
1873,6.294011671474699e-05,0,0
1874,7.09730099861148e-05,0,0
1875,7.990700404091615e-05,0,0
1876,8.49512124073157e-05,0,0
1877,7.98483303609368e-05,0,0
1878,2.2241991734984675e-05,0,0
1879,4.1701413149326436e-05,0,0
1880,4.1701413149326436e-05,0,0
1881,4.1701413149326436e-05,0,0
1882,4.1701413149326436e-05,0,0
1883,3.782124060233523e-05,0,0
1884,6.344527182810148e-05,0,0
1885,0.00012056930322825676,0,0
1886,0.00011853257814411157,0,0
1887,0.00012637427828745995,0,0
1888,0.00014322968197352256,0,0
1889,0.00016678886759227216,0,0
1890,0.00019280735451253378,0,0
1891,0.00021137910725142712,0,0
1892,0.0001904361051755784,0,0
1893,0.00012863614943911853,0,0
1894,4.867021204612105e-05,0,0
1895,4.1701413149326436e-05,0,0
1896,4.1701413149326436e-05,0,0
1897,4.1701413149326436e-05,0,0
1898,0.0001751251740710853,0,0
1899,0.00016942615415686788,0,0
1900,0.00017045847124474707,0,0
1901,0.0001785688289724135,0,0
1902,0.00019256327603421367,0,0
1903,0.0002104886890583115,0,0
1904,0.00023032987520995267,0,0
1905,0.00024166378843792734,0,0
1906,0.00023036476348270175,0,0
1907,0.0001023782309058434,0,0
1908,4.170256047044781e-05,0,0
1909,4.131346331511099e-05,0,0
1910,4.1701413149326436e-05,0,0
1911,4.1701413149326436e-05,0,0
1912,7.568368444676631e-05,0,0
1913,7.229302710115797e-05,0,0
1914,7.301612191835354e-05,0,0
1915,7.786309539881631e-05,0,0
1916,8.623230613820997e-05,0,0
1917,9.687714373042082e-05,0,0
1918,0.00010869897513825016,0,0
1919,0.00011538986633677793,0,0
1920,0.00010863233265049114,0,0
1921,3.234563506059763e-05,0,0
1922,4.1701413149326436e-05,0,0
1923,4.1701413149326436e-05,0,0
1924,0.00011509038934455005,0,0
1925,0.00011060630237551196,0,0
1926,0.00011155648439059808,0,0
1927,0.00011795813729592898,0,0
1928,0.000128829177491476,0,0
1929,0.00014289009267558653,0,0
1930,0.00015849862262729884,0,0
1931,0.00016738292819889957,0,0
1932,0.00015849116268991636,0,0
1933,5.7748892129020455e-05,0,0
1934,4.1703368809804254e-05,0,0
1935,4.173717846891163e-05,0,0
1936,4.170256047044781e-05,0,0
1937,4.131346331511099e-05,0,0
1938,7.070287203775805e-05,0,0
1939,6.393236903136101e-05,0,0
1940,6.408154181899506e-05,0,0
1941,6.879451569090218e-05,0,0
1942,7.750302946754522e-05,0,0
1943,8.892630951924186e-05,0,0
1944,0.00010182859352400107,0,0
1945,0.00011005021328818185,0,0
1946,0.00010469863797479321,0,0
1947,3.1233007638420784e-05,0,0
1948,3.113015490765992e-05,0,0
1949,4.151711581005623e-05,0,0
1950,4.152086753627045e-05,0,0
1951,4.154562403964437e-05,0,0
1952,6.963580510050069e-05,0,0
1953,6.650767947190794e-05,0,0
1954,6.724732004214837e-05,0,0
1955,7.183200135344455e-05,0,0
1956,7.96570808056194e-05,0,0
1957,8.925920494580042e-05,0,0
1958,0.00010074783824227568,0,0
1959,0.00010702634076081266,0,0
1960,0.00010068284557573445,0,0
1961,2.906599416852521e-05,0,0
1962,4.1701413149326436e-05,0,0
1963,4.1701413149326436e-05,0,0
1964,9.459732178163315e-05,0,0
1965,9.06338992401926e-05,0,0
1966,9.147631540822889e-05,0,0
1967,9.713776201314246e-05,0,0
1968,0.00010690613692739637,0,0
1969,0.00011934881571685007,0,0
1970,0.00013315343736775874,0,0
1971,0.0001409790961728409,0,0
1972,0.0001330821217715007,0,0
1973,4.395566085797901e-05,0,0
1974,4.1701413149326436e-05,0,0
1975,4.1701413149326436e-05,0,0
1976,4.07517431717319e-05,0,0
1977,4.0481275036141086e-05,0,0
1978,5.012969209366659e-05,0,0
1979,4.791371369357674e-05,0,0
1980,4.8702226812165284e-05,0,0
1981,5.245990452648181e-05,0,0
1982,5.873557192010971e-05,0,0
1983,6.643588832202275e-05,0,0
1984,7.453420719257545e-05,0,0
1985,7.683227457338071e-05,0,0
1986,7.399542300639029e-05,0,0
1987,2.1058967289892113e-05,0,0
1988,4.1701413149326436e-05,0,0
1989,4.1701413149326436e-05,0,0
1990,5.4614902756238445e-05,0,0
1991,5.20735889190077e-05,0,0
1992,0.00011400342414924973,0,0
1993,0.00011344635905180201,0,0
1994,0.00012057823982864946,0,0
1995,0.000134543479889698,0,0
1996,0.00015369147258423484,0,0
1997,0.00017188633557234026,0,0
1998,0.00018143586439400697,0,0
1999,0.00013246419161633098,0,0
2000,0.0001435895339369294,0,0
2001,4.938845896331254e-05,0,0
2002,0.00011344595965667153,0,0
2003,0.00010902136602204107,0,0
2004,0.00011000669437016013,0,0
2005,0.00011641334026171264,0,0
2006,0.00012742694392992954,0,0
2007,0.00014143062848672735,0,0
2008,0.00015688103289868076,0,0
2009,0.00016528216413071238,0,0
2010,0.00015680556208697163,0,0
2011,5.678672108026072e-05,0,0
2012,4.1701413149326436e-05,0,0
2013,4.1701413149326436e-05,0,0
2014,4.170136932979544e-05,0,0
2015,7.36495669832982e-05,0,0
2016,6.739868699407854e-05,0,0
2017,6.682524225274426e-05,0,0
2018,7.184164614358436e-05,0,0
2019,8.186541777364881e-05,0,0
2020,9.544379146595464e-05,0,0
2021,0.00011104567424998406,0,0
2022,0.00012206579458030352,0,0
2023,0.00011798528577628628,0,0
2024,4.0700505052176763e-05,0,0
2025,2.2417429372639273e-05,0,0
2026,4.1701413149326436e-05,0,0
2027,4.1701413149326436e-05,0,0
2028,3.7631972344057646e-05,0,0
2029,3.294594504805609e-05,0,0
2030,3.245854968643424e-05,0,0
2031,3.374093048066974e-05,0,0
2032,3.665084511230015e-05,0,0
2033,4.077499054623653e-05,0,0
2034,4.561432140270355e-05,0,0
2035,4.947710693986349e-05,0,0
2036,4.9181223078209634e-05,0,0
2037,2.9798104849408332e-05,0,0
2038,2.9227701133450394e-05,0,0
2039,4.152083721825138e-05,0,0
2040,4.154563583056545e-05,0,0
2041,3.9372582780723665e-05,0,0
2042,3.802743073227695e-05,0,0
2043,3.83891807557527e-05,0,0
2044,4.042761317098416e-05,0,0
2045,4.38639972954853e-05,0,0
2046,4.395304098859435e-05,0,0
2047,4.823126916540224e-05,0,0
2048,5.119984658641899e-05,0,0
2049,4.9840094895375246e-05,0,0
2050,2.0797238648342594e-05,0,0
2051,4.406713778243406e-05,0,0
2052,4.757380649977579e-05,0,0
2053,4.954457174652156e-05,0,0
2054,0.00010107000706175303,0,0
2055,7.45137211754852e-05,0,0
2056,9.209503423214101e-05,0,0
2057,9.778121146419398e-05,0,0
2058,0.00010759187319327719,0,0
2059,0.00012008906851674773,0,0
2060,0.00013395372210095143,0,0
2061,0.00014181378166534749,0,0
2062,0.00013388217055843865,0,0
2063,4.436680140465114e-05,0,0
2064,4.1701413149326436e-05,0,0
2065,4.1701413149326436e-05,0,0
2066,4.153431688265107e-05,0,0
2067,7.296539938922619e-05,0,0
2068,6.966541805275804e-05,0,0
2069,7.039475183113934e-05,0,0
2070,7.516094125806501e-05,0,0
2071,8.337186059432703e-05,0,0
2072,9.380531061976083e-05,0,0
2073,0.00010536047348617042,0,0
2074,0.00011184503998943704,0,0
2075,0.00010487072698715341,0,0
2076,3.091812276808036e-05,0,0
2077,4.1701413149326436e-05,0,0
2078,4.170136932979544e-05,0,0
2079,4.170136932979544e-05,0,0
2080,4.1701413149326436e-05,0,0
2081,0.00011002785420160654,0,0
2082,0.00010566516607491211,0,0
2083,0.00010659006211264458,0,0
2084,0.0001128189993910597,0,0
2085,0.00012356116822235323,0,0
2086,0.00013725771758679842,0,0
2087,0.00015244272014053146,0,0
2088,0.00016106065063765886,0,0
2089,0.00015220147179730703,0,0
2090,5.411045845716638e-05,0,0
2091,4.152083721825138e-05,0,0
2092,4.154563583056545e-05,0,0
2093,4.158849475782348e-05,0,0
2094,0.00010785175252575998,0,0
2095,0.00010360163412369275,0,0
2096,0.00010454955008987657,0,0
2097,0.0001106701782391925,0,0
2098,0.00012089575912393446,0,0
2099,0.0001348170246355114,0,0
2100,0.00014982213260463629,0,0
2101,0.00015833662323723672,0,0
2102,0.0001497483387388761,0,0
2103,5.2841460034344776e-05,0,0
2104,4.1701413149326436e-05,0,0
2105,4.1701413149326436e-05,0,0
2106,4.1701413149326436e-05,0,0
2107,8.787025766647779e-05,0,0
2108,8.409790238927026e-05,0,0
2109,8.490054879351914e-05,0,0
2110,9.029052064543787e-05,0,0
2111,9.959296363569932e-05,0,0
2112,0.0001114362239287095,0,0
2113,0.0001245801313562439,0,0
2114,0.00013202723180080745,0,0
2115,0.00012451006583731372,0,0
2116,3.966340265214433e-05,0,0
2117,4.1701413149326436e-05,0,0
2118,4.1701413149326436e-05,0,0
2119,4.1701413149326436e-05,0,0
2120,0.00010174676070950198,0,0
2121,9.759229924867319e-05,0,0
2122,9.847417640308682e-05,0,0
2123,0.00010440729566478635,0,0
2124,0.00011464146140475554,0,0
2125,0.00012768369776345676,0,0
2126,0.00014214857788704966,0,0
2127,0.00015035275212883266,0,0
2128,0.00014207573440877197,0,0
2129,4.867021204612105e-05,0,0
2130,4.1701413149326436e-05,0,0
2131,4.1701413149326436e-05,0,0
2132,4.1701413149326436e-05,0,0
2133,0.00010174676070950198,0,0
2134,9.759229924867319e-05,0,0
2135,9.847417640308682e-05,0,0
2136,0.00010440729566478635,0,0
2137,0.00011464146140475554,0,0
2138,0.00012768369776345676,0,0
2139,0.00014214857788704966,0,0
2140,0.00015035275212883266,0,0
2141,0.00014207573440877197,0,0
2142,4.867021370623323e-05,0,0
2143,4.170136932979544e-05,0,0
2144,4.1701413149326436e-05,0,0
2145,4.1701413149326436e-05,0,0
2146,3.7646023213198316e-05,0,0
2147,7.12488633847687e-05,0,0
2148,6.802598768855601e-05,0,0
2149,7.003912915116205e-05,0,0
2150,7.713361327923315e-05,0,0
2151,8.818463897885531e-05,0,0
2152,0.00010202219307581085,0,0
2153,0.0001156646887581658,0,0
2154,0.0001206345749495467,0,0
2155,9.364365583269406e-05,0,0
2156,3.258273035973302e-05,0,0
2157,4.1703368809804254e-05,0,0
2158,4.173717846891163e-05,0,0
2159,4.170256047044781e-05,0,0
2160,4.131346331511099e-05,0,0
2161,0.00010309181237469695,0,0
2162,9.890293337975304e-05,0,0
2163,9.9791974461324e-05,0,0
2164,0.00010577436456240654,0,0
2165,0.0001160929815703131,0,0
2166,0.00012924443871321136,0,0
2167,0.00014382966407478105,0,0
2168,0.0001521029050291029,0,0
2169,0.0001437563948150521,0,0
2170,4.9572677194851254e-05,0,0
2171,4.1701413149326436e-05,0,0
2172,4.1701413149326436e-05,0,0
2173,4.1701413149326436e-05,0,0
2174,4.170136932979544e-05,0,0
2175,9.459737422044962e-05,0,0
2176,9.06338992401926e-05,0,0
2177,9.147631540822889e-05,0,0
2178,9.713776201314246e-05,0,0
2179,0.00010690613692739637,0,0
2180,0.00011934881571685007,0,0
2181,0.00013315343736775874,0,0
2182,0.0001409790961728409,0,0
2183,0.0001330821217715007,0,0
2184,4.395566085797901e-05,0,0
2185,4.1701413149326436e-05,0,0
2186,4.1701413149326436e-05,0,0
2187,4.1701413149326436e-05,0,0
2188,4.1701413149326436e-05,0,0
2189,0.0004096576039883954,0,0
2190,0.0004008118935200932,0,0
2191,0.0004026406260088767,0,0
2192,0.00041522454799776095,0,0
2193,0.0004366246555205744,0,0
2194,0.00046442173190699044,0,0
2195,0.00049501693978904,0,0
2196,0.0005126358672310177,0,0
2197,0.0004950147468867825,0,0
2198,0.00029670490965472027,0,0
2199,4.1703368809804254e-05,0,0
2200,4.173717846891163e-05,0,0
2201,4.1372128482813035e-05,0,0
2202,4.09483839462476e-05,0,0
2203,4.1176753563857866e-05,0,0
2204,9.473763548111657e-05,0,0
2205,9.084608929358888e-05,0,0
2206,9.182458504354511e-05,0,0
2207,9.76743996684906e-05,0,0
2208,0.00010760672988283958,0,0
2209,0.00012009625567762107,0,0
2210,0.00013321566343035574,0,0
2211,0.00014181490396043722,0,0
2212,0.00013349385109656604,0,0
2213,4.436680140465114e-05,0,0
2214,4.1701413149326436e-05,0,0
2215,4.1701413149326436e-05,0,0
2216,0.00010241759957752964,0,0
2217,9.824586987675868e-05,0,0
2218,9.913122283998713e-05,0,0
2219,0.00010508904159660323,0,0
2220,0.00011536554785051892,0,0
2221,0.00012846249526066145,0,0
2222,0.00014298755146268112,0,0
2223,0.00015122592964810866,0,0
2224,0.0001429143795887101,0,0
2225,4.911949979164352e-05,0,0
2226,4.153431688265107e-05,0,0
2227,4.151711581005623e-05,0,0
2228,4.152083721825138e-05,0,0
2229,4.154563583056545e-05,0,0
2230,8.775772074589054e-05,0,0
2231,8.403914864288747e-05,0,0
2232,8.490209137669624e-05,0,0
2233,9.032621957851294e-05,0,0
2234,9.942681056601683e-05,0,0
2235,0.00011086349852911194,0,0
2236,0.0001243991983640941,0,0
2237,0.0001318711763542328,0,0
2238,0.0001243969155667981,0,0
2239,3.960452198038719e-05,0,0
2240,4.1703368809804254e-05,0,0
2241,4.173717846891163e-05,0,0
2242,4.170256047044781e-05,0,0
2243,4.131346331511099e-05,0,0
2244,9.844469294889761e-05,0,0
2245,9.437710174455948e-05,0,0
2246,9.459409685562425e-05,0,0
2247,0.00010033415637198617,0,0
2248,0.0001103708686941045,0,0
2249,0.00012323995292895013,0,0
2250,0.00013757457639228696,0,0
2251,0.00014582511756383078,0,0
2252,0.0001379619327719096,0,0
2253,4.66376403056987e-05,0,0
2254,4.156014382066994e-05,0,0
2255,3.9986129548885955e-05,0,0
2256,4.152083721825138e-05,0,0
2257,4.154563583056545e-05,0,0
2258,0.0001711211904857405,0,0
2259,0.00016554553672915278,0,0
2260,0.0001667907208969374,0,0
2261,0.00017485379855880387,0,0
2262,0.00018847513783377877,0,0
2263,0.00020575054605326206,0,0
2264,0.00022570167740012915,0,0
2265,0.0002368672142655292,0,0
2266,0.00022568934979605697,0,0
2267,9.927836679960978e-05,0,0
2268,4.1703368809804254e-05,0,0
2269,4.173717846891163e-05,0,0
2270,4.170254205099386e-05,0,0
2271,4.114638115255417e-05,0,0
2272,4.151711581005623e-05,0,0
2273,7.247272274311856e-05,0,0
2274,6.92110687250514e-05,0,0
2275,6.995490909676345e-05,0,0
2276,7.470798671477055e-05,0,0
2277,8.288238163215948e-05,0,0
2278,9.323517064099515e-05,0,0
2279,0.00010466180285958152,0,0
2280,0.00011075714313163146,0,0
2281,0.00010459483608183103,0,0
2282,3.064302329770946e-05,0,0
2283,4.1701413149326436e-05,0,0
2284,4.1701413149326436e-05,0,0
2285,4.1701413149326436e-05,0,0
2286,4.1701413149326436e-05,0,0
2287,4.1701413149326436e-05,0,0
2288,0.00014296977165572313,0,0
2289,0.00013787809464476782,0,0
2290,0.0001389531310473615,0,0
2291,0.00014621832821154127,0,0
2292,0.00015873421375869114,0,0
2293,0.00017472261116908082,0,0
2294,0.00019242612016385263,0,0
2295,0.00020249393512606636,0,0
2296,0.00019234789933213117,0,0
2297,7.793825728691566e-05,0,0
2298,4.1701413149326436e-05,0,0
2299,4.1701413149326436e-05,0,0
2300,4.1701413149326436e-05,0,0
2301,4.1701413149326436e-05,0,0
2302,4.170136932979544e-05,0,0
2303,6.788181569227811e-05,0,0
2304,6.476926635638847e-05,0,0
2305,6.543402770391372e-05,0,0
2306,6.98858097675162e-05,0,0
2307,7.757546410013749e-05,0,0
2308,8.73493013534207e-05,0,0
2309,9.820919265564466e-05,0,0
2310,0.00010435050457711188,0,0
2311,9.814481697641543e-05,0,0
2312,2.8084429162187698e-05,0,0
2313,4.1701413149326436e-05,0,0
2314,4.1701413149326436e-05,0,0
2315,4.153431688265107e-05,0,0
2316,4.151711581005623e-05,0,0
2317,4.152083721825138e-05,0,0
2318,8.653681943163976e-05,0,0
2319,8.284209796300447e-05,0,0
2320,8.369147026884628e-05,0,0
2321,8.909247165827039e-05,0,0
2322,9.834376045947332e-05,0,0
2323,0.00011004372805929077,0,0
2324,0.00012267828664638776,0,0
2325,0.000130444780136931,0,0
2326,0.00012299689461504762,0,0
2327,3.892849169023385e-05,0,0
2328,4.1701413149326436e-05,0,0
2329,4.1701413149326436e-05,0,0
2330,4.153431688265107e-05,0,0
2331,4.151711581005623e-05,0,0
2332,4.152083721825138e-05,0,0
2333,9.828891944680144e-05,0,0
2334,9.426426595144109e-05,0,0
2335,9.518190747209902e-05,0,0
2336,0.00010105201044947952,0,0
2337,0.00011110828277925743,0,0
2338,0.00012384394865610026,0,0
2339,0.00013761931513984197,0,0
2340,0.0001460400255747221,0,0
2341,0.00013793539805785594,0,0
2342,4.647497026195332e-05,0,0
2343,4.1701413149326436e-05,0,0
2344,4.1701413149326436e-05,0,0
2345,4.1701413149326436e-05,0,0
2346,4.1701413149326436e-05,0,0
2347,4.1701413149326436e-05,0,0
2348,3.805111546829421e-05,0,0
2349,3.694591091331735e-05,0,0
2350,3.718439377709775e-05,0,0
2351,3.8768352442190726e-05,0,0
2352,7.148364844249742e-05,0,0
2353,7.169313382471565e-05,0,0
2354,7.624334346775769e-05,0,0
2355,8.307572514637349e-05,0,0
2356,8.889022624922683e-05,0,0
2357,7.419118406702853e-05,0,0
2358,0.00010334237210860263,0,0
2359,0.0001097584332243471,0,0
2360,0.00010327697622010632,0,0
2361,3.0103420256880334e-05,0,0
2362,4.1701413149326436e-05,0,0
2363,4.1701413149326436e-05,0,0
2364,4.1701413149326436e-05,0,0
2365,4.1701413149326436e-05,0,0
2366,4.170136932979544e-05,0,0
2367,0.00014211386908497074,0,0
2368,0.00013703934667992935,0,0
2369,0.00013811128227276655,0,0
2370,0.00014535148691735192,0,0
2371,0.0001576584393300383,0,0
2372,0.0001735748979164917,0,0
2373,0.00019122157865254064,0,0
2374,0.00020127989288752814,0,0
2375,0.0001912111491985463,0,0
2376,7.724462498714233e-05,0,0
2377,4.1703368809804254e-05,0,0
2378,4.173717846891163e-05,0,0
2379,4.170256047044781e-05,0,0
2380,4.131346331511099e-05,0,0
2381,4.1701413149326436e-05,0,0
2382,0.00011289966549167092,0,0
2383,0.00010846770753369787,0,0
2384,0.00010940689863696852,0,0
2385,0.00011573474353023976,0,0
2386,0.0001266457588197153,0,0
2387,0.00014056064713914598,0,0
2388,0.00015598559177015326,0,0
2389,0.0001647413732500007,0,0
2390,0.00015591111087679164,0,0
2391,5.628126891645016e-05,0,0
2392,4.1701413149326436e-05,0,0
2393,4.1701413149326436e-05,0,0
2394,4.1701413149326436e-05,0,0
2395,4.1701413149326436e-05,0,0
2396,4.1701413149326436e-05,0,0
2397,6.518674232357694e-05,0,0
2398,6.217830526662792e-05,0,0
2399,6.2821112245775e-05,0,0
2400,6.712468813369279e-05,0,0
2401,7.455941644486942e-05,0,0
2402,8.400668009912182e-05,0,0
2403,9.450551289453754e-05,0,0
2404,0.00010044094344119282,0,0
2405,9.44422030212448e-05,0,0
2406,2.67169176806191e-05,0,0
2407,4.1701413149326436e-05,0,0
2408,4.1701413149326436e-05,0,0
2409,4.1701413149326436e-05,0,0
2410,4.153431688265107e-05,0,0
2411,4.151711581005623e-05,0,0
2412,8.768983680835572e-05,0,0
2413,8.394214231084059e-05,0,0
2414,8.478749135677806e-05,0,0
2415,9.006475339589783e-05,0,0
2416,9.940968030571063e-05,0,0
2417,0.00011129071972315485,0,0
2418,0.00012442486625025863,0,0
2419,0.00013152552243521823,0,0
2420,0.00012445111936890688,0,0
2421,3.966501128896193e-05,0,0
2422,4.173717846891163e-05,0,0
2423,4.153559792667389e-05,0,0
2424,4.112915792507392e-05,0,0
2425,4.152083721825138e-05,0,0
2426,4.154563583056545e-05,0,0
2427,0.000109205594800422,0,0
2428,0.00010491453565635214,0,0
2429,0.00010589605566516634,0,0
2430,0.00011213450988425768,0,0
2431,0.00012279934632568443,0,0
2432,0.00013605235051582617,0,0
2433,0.00015156580874157305,0,0
2434,0.00016014925335066497,0,0
2435,0.0001514916750198295,0,0
2436,5.380683601588273e-05,0,0
2437,4.1701413149326436e-05,0,0
2438,4.1701413149326436e-05,0,0
2439,4.1701413149326436e-05,0,0
2440,4.1701413149326436e-05,0,0
2441,4.1701413149326436e-05,0,0
2442,3.762328984042738e-05,0,0
2443,3.677764494778852e-05,0,0
2444,3.696057147133405e-05,0,0
2445,3.817320333845385e-05,0,0
2446,4.010800574765104e-05,0,0
2447,4.2746653887952845e-05,0,0
2448,4.571308936095052e-05,0,0
2449,4.740252814129407e-05,0,0
2450,6.836840111482359e-05,0,0
2451,4.637634309291813e-05,0,0
2452,6.197974054947593e-05,0,0
2453,6.626781875248143e-05,0,0
2454,7.358288164869212e-05,0,0
2455,8.253248059236491e-05,0,0
2456,9.329893190220846e-05,0,0
2457,9.9165797027266e-05,0,0
2458,9.323592455535747e-05,0,0
2459,2.62889416225067e-05,0,0
2460,4.1701413149326436e-05,0,0
2461,4.1701413149326436e-05,0,0
2462,4.170136932979544e-05,0,0
2463,4.170136932979544e-05,0,0
2464,0.00010174676070950198,0,0
2465,9.759229924867319e-05,0,0
2466,0.00015851315239502167,0,0
2467,0.00016028336925640838,0,0
2468,0.00017134627329305817,0,0
2469,0.00019031190151508548,0,0
2470,0.00021495723742273766,0,0
2471,0.00023623976901797797,0,0
2472,0.0002424641203898149,0,0
2473,0.00015723411977301504,0,0
2474,0.00014207573440877197,0,0
2475,4.867021204612105e-05,0,0
2476,4.1701413149326436e-05,0,0
2477,4.1701413149326436e-05,0,0
2478,4.1701413149326436e-05,0,0
2479,4.1701413149326436e-05,0,0
2480,0.00011656843932226891,0,0
2481,0.00011204959236702239,0,0
2482,0.00011300684838476962,0,0
2483,0.00011945776078932903,0,0
2484,0.00013041339387629916,0,0
2485,0.00014458343796583517,0,0
2486,0.00016031187900484662,0,0
2487,0.00016926528060855667,0,0
2488,0.0001603044083000876,0,0
2489,5.87839283863872e-05,0,0
2490,4.1703368809804254e-05,0,0
2491,4.173717846891163e-05,0,0
2492,4.170256047044781e-05,0,0
2493,4.131346331511099e-05,0,0
2494,9.272089084474244e-05,0,0
2495,8.880952184232914e-05,0,0
2496,8.869160752572182e-05,0,0
2497,9.417491011080459e-05,0,0
2498,0.0001038375448922394,0,0
2499,0.00011626542383235685,0,0
2500,0.0001301446981846038,0,0
2501,0.00013819428904852235,0,0
2502,0.00013076359813196195,0,0
2503,4.300831355388984e-05,0,0
2504,4.176102035744036e-05,0,0
2505,3.942599334165521e-05,0,0
2506,4.1701413149326436e-05,0,0
2507,4.1701413149326436e-05,0,0
2508,0.00010445117651372714,0,0
2509,0.00010022738968233242,0,0
2510,0.00010112358854800962,0,0
2511,0.00010715538279968639,0,0
2512,0.00011755866381435602,0,0
2513,0.00013081929187010942,0,0
2514,0.00014552409849820288,0,0
2515,0.00015386640084894676,0,0
2516,0.00014528395236275033,0,0
2517,5.03049461562445e-05,0,0
2518,4.152083721825138e-05,0,0
2519,4.154563583056545e-05,0,0
2520,4.158849475782348e-05,0,0
2521,4.164270281832736e-05,0,0
2522,0.0007788948745270787,0,0
2523,0.0008302411233518176,0,0
2524,0.00082677349268949,0,0
2525,0.000844179176003668,0,0
2526,0.0008800504752088992,0,0
2527,0.0009286521336811838,0,0
2528,0.0009844202160749784,0,0
2529,0.0010239464045187804,0,0
2530,0.001008848076434705,0,0
2531,0.000728663520262799,0,0
2532,5.115544616914273e-05,0,0
2533,3.762578918215279e-05,0,0
2534,4.1701413149326436e-05,0,0
2535,4.1701413149326436e-05,0,0
2536,0.00011217637317370764,0,0
2537,0.00010776185272618662,0,0
2538,0.00010869742564350511,0,0
2539,0.00011500057069158884,0,0
2540,0.00012586936608706994,0,0
2541,0.0001397295541491305,0,0
2542,0.0001550947434766276,0,0
2543,0.00016381603799130623,0,0
2544,0.00015502031647889408,0,0
2545,5.5779452103449434e-05,0,0
2546,4.1701413149326436e-05,0,0
2547,4.1701413149326436e-05,0,0
2548,4.1701413149326436e-05,0,0
2549,0.00010861255392802921,0,0
2550,0.00010428480918645214,0,0
2551,0.00010520264795493782,0,0
2552,0.00011138233949370298,0,0
2553,0.00012203937657817201,0,0
2554,0.0001356271052380135,0,0
2555,0.00015069224829875212,0,0
2556,0.0001592412148583432,0,0
2557,0.000150451376021433,0,0
2558,5.3138149319828805e-05,0,0
2559,4.152086753627045e-05,0,0
2560,4.154563583056545e-05,0,0
2561,4.142162052489277e-05,0,0
2562,8.762752691540609e-05,0,0
2563,8.391891758683455e-05,0,0
2564,8.478025100563865e-05,0,0
2565,9.017846271271148e-05,0,0
2566,9.914539528567061e-05,0,0
2567,0.00011143782054467482,0,0
2568,0.0001246153862920937,0,0
2569,0.00013202808960229,0,0
2570,0.00012395503811131006,0,0
2571,3.947911643480759e-05,0,0
2572,4.152083721825138e-05,0,0
2573,4.154563583056545e-05,0,0
2574,0.0004127749563652922,0,0
2575,0.0004039486403649596,0,0
2576,0.0004058441666325234,0,0
2577,0.0004185113106514443,0,0
2578,0.0004401265475738681,0,0
2579,0.0004676626828976415,0,0
2580,0.0004987619929818152,0,0
2581,0.0005164259924349306,0,0
2582,0.0004986923041463548,0,0
2583,0.0002995509758105872,0,0
2584,4.1701413149326436e-05,0,0
2585,4.1701413149326436e-05,0,0
2586,7.118515917488369e-05,0,0
2587,6.795081912785726e-05,0,0
2588,6.864118305692626e-05,0,0
2589,7.326598858219611e-05,0,0
2590,8.125299110095353e-05,0,0
2591,9.140788596111963e-05,0,0
2592,0.00010268876536702833,0,0
2593,0.00010907017158003131,0,0
2594,0.00010262310897611532,0,0
2595,2.9838755715868682e-05,0,0
2596,4.1701413149326436e-05,0,0
2597,4.1701413149326436e-05,0,0
2598,4.1701413149326436e-05,0,0
2599,0.00010174676070950198,0,0
2600,9.759229924867319e-05,0,0
2601,9.847417640308682e-05,0,0
2602,0.00010440729566478635,0,0
2603,0.00011464146140475554,0,0
2604,0.00012768369776345676,0,0
2605,0.00014214857788704966,0,0
2606,0.00015035275212883266,0,0
2607,0.00014207573440877197,0,0
2608,4.867021204612105e-05,0,0
2609,4.1701413149326436e-05,0,0
2610,4.1701413149326436e-05,0,0
2611,4.1701413149326436e-05,0,0
2612,6.880815075391855e-05,0,0
2613,6.56608912995262e-05,0,0
2614,6.6332888757929e-05,0,0
2615,7.083407104310354e-05,0,0
2616,7.469707356824158e-05,0,0
2617,8.356866781050351e-05,0,0
2618,9.475381778580119e-05,0,0
2619,0.00010240602122486015,0,0
2620,9.861034941210725e-05,0,0
2621,3.0920488787850434e-05,0,0
2622,4.757386117774347e-05,0,0
2623,4.954470313333859e-05,0,0
2624,4.754148713762017e-05,0,0
2625,2.4967787663259594e-05,0,0
2626,4.1701413149326436e-05,0,0
2627,4.1701413149326436e-05,0,0
2628,4.1701413149326436e-05,0,0
2629,0.00010174676070950198,0,0
2630,9.759229924867319e-05,0,0
2631,9.847417640308682e-05,0,0
2632,0.00010440729566478635,0,0
2633,0.00011464146140475554,0,0
2634,0.00012768369776345676,0,0
2635,0.00014214857788704966,0,0
2636,0.00015035275212883266,0,0
2637,0.00014207573440877197,0,0
2638,4.867021204612105e-05,0,0
2639,4.1701413149326436e-05,0,0
2640,4.1701413149326436e-05,0,0
2641,4.1701413149326436e-05,0,0
2642,0.00010174676070950198,0,0
2643,9.759229924867319e-05,0,0
2644,9.847417640308682e-05,0,0
2645,0.00010440729566478635,0,0
2646,0.00011464146140475554,0,0
2647,0.00012768369776345676,0,0
2648,0.00014214857788704966,0,0
2649,0.00015035275212883266,0,0
2650,0.00014207573440877197,0,0
2651,4.867021204612105e-05,0,0
2652,4.1701413149326436e-05,0,0
2653,4.1701413149326436e-05,0,0
2654,4.170136932979544e-05,0,0
2655,0.00010174667393198907,0,0
2656,9.759229924867319e-05,0,0
2657,9.847417640308682e-05,0,0
2658,0.00010440729566478635,0,0
2659,0.00011464146140475554,0,0
2660,0.00012768369776345676,0,0
2661,0.00014214857788704966,0,0
2662,0.00015035275212883266,0,0
2663,0.00014207573440877197,0,0
2664,4.867021204612105e-05,0,0
2665,4.1701413149326436e-05,0,0
2666,4.1701413149326436e-05,0,0
2667,4.1701413149326436e-05,0,0
2668,0.00010174676070950198,0,0
2669,9.759229924867319e-05,0,0
2670,9.847417640308682e-05,0,0
2671,0.00010440729566478635,0,0
2672,0.00011464146140475554,0,0
2673,0.00012768369776345676,0,0
2674,0.00014214857788704966,0,0
2675,0.00015035275212883266,0,0
2676,0.00014207573440877197,0,0
2677,4.867021204612105e-05,0,0
2678,4.1701413149326436e-05,0,0
2679,4.1701413149326436e-05,0,0
2680,4.1701413149326436e-05,0,0
2681,0.00010174676070950198,0,0
2682,9.759229924867319e-05,0,0
2683,9.847417640308682e-05,0,0
2684,0.00010440729566478635,0,0
2685,0.00011464146140475554,0,0
2686,0.00012768374889401333,0,0
2687,0.0001421485988900662,0,0
2688,0.00015035275212883266,0,0
2689,0.00014207573440877197,0,0
2690,4.867021204612105e-05,0,0
2691,4.1701413149326436e-05,0,0
2692,4.1701413149326436e-05,0,0
2693,4.1701413149326436e-05,0,0
2694,0.00010174676070950198,0,0
2695,9.759229924867319e-05,0,0
2696,9.847417640308682e-05,0,0
2697,0.00010440729566478635,0,0
2698,0.00011464146140475554,0,0
2699,0.00012768369776345676,0,0
2700,0.00014214857788704966,0,0
2701,0.00015035275212883266,0,0
2702,0.00014207573440877197,0,0
2703,4.867021204612105e-05,0,0
2704,4.1701413149326436e-05,0,0
2705,4.1701413149326436e-05,0,0
2706,4.1701413149326436e-05,0,0
2707,0.00010174676070950198,0,0
2708,9.759229924867319e-05,0,0
2709,9.847417640308682e-05,0,0
2710,0.00010440729566478635,0,0
2711,0.00011464146140475554,0,0
2712,0.00012768369776345676,0,0
2713,0.00014214857788704966,0,0
2714,0.00015035275212883266,0,0
2715,0.00014207573440877197,0,0
2716,4.867021204612105e-05,0,0
2717,4.1701413149326436e-05,0,0
2718,4.170136932979544e-05,0,0
2719,3.794874066900408e-05,0,0
2720,6.882699423214282e-05,0,0
2721,6.57273370340687e-05,0,0
2722,6.796897744715084e-05,0,0
2723,7.536787000618226e-05,0,0
2724,8.691304229620002e-05,0,0
2725,0.00010110167165031476,0,0
2726,0.0001147788913672577,0,0
2727,0.00011920993598105217,0,0
2728,8.845623932804758e-05,0,0
2729,3.119664333940471e-05,0,0
2730,4.1701413149326436e-05,0,0
2731,4.1701413149326436e-05,0,0
2732,4.1701413149326436e-05,0,0
2733,3.91251720419589e-05,0,0
2734,9.360153914607762e-05,0,0
2735,8.965348966434786e-05,0,0
2736,9.097662657521712e-05,0,0
2737,9.752420053953646e-05,0,0
2738,0.00010844407158177314,0,0
2739,0.00012220488738521392,0,0
2740,0.00013683016922292815,0,0
2741,0.0001441093343262144,0,0
2742,0.00012871211773763917,0,0
2743,4.519951194723751e-05,0,0
2744,0.00010107936675458133,0,0
2745,9.69423564637729e-05,0,0
2746,9.782058843575707e-05,0,0
2747,0.0001037289518943977,0,0
2748,0.00011392058265074245,0,0
2749,0.00012690865244932795,0,0
2750,0.00014131326061216882,0,0
2751,0.00014948328720786036,0,0
2752,0.0001412407702087888,0,0
2753,4.8224088316018565e-05,0,0
2754,9.975494650884093e-05,0,0
2755,9.565282320861225e-05,0,0
2756,9.652379159123727e-05,0,0
2757,0.00010238282691669165,0,0
2758,0.00011248969384694505,0,0
2759,0.00012536877156728703,0,0
2760,0.00013965347586280565,0,0
2761,0.00014775459424041737,0,0
2762,0.00013958126388368368,0,0
2763,4.734253680360736e-05,0,0
2764,9.586571884318318e-05,0,0
2765,9.186771459064957e-05,0,0
2766,9.271711288112448e-05,0,0
2767,9.842801973168996e-05,0,0
2768,0.00010828107313122172,0,0
2769,0.00012083304707939911,0,0
2770,0.00013475759117417314,0,0
2771,0.00014265200137522643,0,0
2772,0.0001346857313671036,0,0
2773,4.478164259104921e-05,0,0
2774,8.101376638649607e-05,0,0
2775,7.744948880835525e-05,0,0
2776,7.820869997868569e-05,0,0
2777,8.33025484092683e-05,0,0
2778,9.209574606192992e-05,0,0
2779,0.00010041979500092084,0,0
2780,0.00011245933289852845,0,0
2781,0.00011957350250630764,0,0
2782,0.00011301562422513695,0,0
2783,3.37796802868493e-05,0,0
2784,0.00011832695979267704,0,0
2785,0.00011508484319915138,0,0
2786,0.00011679664730459493,0,0
2787,0.0001225628041598772,0,0
2788,0.00012524496767831074,0,0
2789,0.00014733393050834367,0,0
2790,0.0001632390262147286,0,0
2791,0.00017227073539550141,0,0
2792,0.00016316354160098744,0,0
2793,0.00010961131505466312,0,0
2794,8.701645616566139e-05,0,0
2795,8.783710227743335e-05,0,0
2796,9.335053401816101e-05,0,0
2797,0.00010286460403031205,0,0
2798,0.00011498055146297145,0,0
2799,0.0001284247015791514,0,0
2800,0.00013604388300385956,0,0
2801,0.00012835406571931433,0,0
2802,4.139517897439937e-05,0,0
2803,0.00017592264782105197,0,0
2804,0.00017020958489320103,0,0
2805,0.00017143700256929805,0,0
2806,0.0001796324318001644,0,0
2807,0.00019371900395645956,0,0
2808,0.00021173562243232018,0,0
2809,0.0002316273659375559,0,0
2810,0.000242907610112175,0,0
2811,0.0002311238959436458,0,0
2812,0.0001031029580396854,0,0
2813,0.0002510424084983389,0,0
2814,0.0002441456655827635,0,0
2815,0.0002455876547224466,0,0
2816,0.0002554148576587845,0,0
2817,0.00027230442960809965,0,0
2818,0.000293979516228009,0,0
2819,0.00031790214356517207,0,0
2820,0.00033157771876305743,0,0
2821,0.00031782069082379424,0,0
2822,0.00016280896685322415,0,0
2823,9.632107615847716e-05,0,0
2824,9.230910337392807e-05,0,0
2825,9.318700435117281e-05,0,0
2826,9.896524037324603e-05,0,0
2827,0.00010891466823392292,0,0
2828,0.00012158173898903579,0,0
2829,0.00013560001128027816,0,0
2830,0.00014349478717965445,0,0
2831,0.00013493787578379549,0,0
2832,214.13508563318632,1,0
2833,315.05693151641185,1,0
2834,349.8658724565315,1,0
2835,336.79784859499836,1,0
2836,333.92336914940455,1,0
2837,386.67012826487303,1,0
2838,294.504755982152,1,0
2839,463.13772912929664,1,0
2840,172.7346943921952,1,0
2841,60.6291482506406,1,0
2842,4.1701413149326436e-05,0,0
2843,4.1701413149326436e-05,0,0
2844,4.1701413149326436e-05,0,0
2845,4.1262957454118795e-05,0,0
2846,3.6864686876653515e-05,0,0
2847,6.489361382842433e-05,0,0
2848,6.411246982653179e-05,0,0
2849,0.00010808051636182532,0,0
2850,0.00025947370912751666,0,0
2851,0.0002689162485624997,0,0
2852,0.00031574620234620717,0,0
2853,0.0003383317096453869,0,0
2854,0.0003934141050574263,0,0
2855,0.00043135575788728073,0,0
2856,0.00048544675497943406,0,0
2857,0.0005138340840323712,0,0
2858,0.00044424603454157774,0,0
2859,0.0003445203348488678,0,0
2860,0.000305373562644367,0,0
2861,0.00025578054879837984,0,0
2862,0.00027807017259374653,0,0
2863,0.0001973462006595533,0,0
2864,0.0001829460638009181,0,0
2865,8.413692452874604e-05,0,0
2866,7.01680462073121e-05,0,0
2867,7.296113629005889e-05,0,0
2868,6.986576741325879e-05,0,0
2869,1.8252924714572852e-05,0,0
2870,4.2161335272263374e-05,0,0
2871,4.584660857294344e-05,0,0
2872,4.3844970920407335e-05,0,0
2873,2.685450813793763e-05,0,0
2874,4.540174817647588e-05,0,0
2875,4.76005446289778e-05,0,0
2876,4.210678635751569e-05,0,0
2877,5.7130909626835494e-05,0,0
2878,6.114475555907499e-05,0,0
2879,5.891802367641838e-05,0,0
2880,2.312317196960528e-05,0,0
2881,5.0169733302016074e-05,0,0
2882,5.473186177166635e-05,0,0
2883,5.4590429267007896e-05,0,0
2884,2.4696752459367315e-05,0,0
2885,4.930418516686231e-05,0,0
2886,5.154739999203467e-05,0,0
2887,4.926832977474411e-05,0,0
2888,2.358089024218537e-05,0,0
2889,4.153431688265107e-05,0,0
2890,9.008359926596343e-05,0,0
2891,8.624516909051515e-05,0,0
2892,8.708685529416298e-05,0,0
2893,9.261856044880596e-05,0,0
2894,0.00010214422884388544,0,0
2895,0.00011426618083876059,0,0
2896,0.0001276840166817159,0,0
2897,0.0001352343544081622,0,0
2898,0.00012702315482918263,0,0
2899,4.0991086528037056e-05,0,0
2900,4.152083721825138e-05,0,0
2901,0.00011567185525046169,0,0
2902,0.00011121315744807699,0,0
2903,0.00011222057183081781,0,0
2904,0.00011870763588387164,0,0
2905,0.00012982151442377348,0,0
2906,0.00014392049855754677,0,0
2907,0.00015919578971738838,0,0
2908,0.00016847834527253827,0,0
2909,0.00015950936288234815,0,0
2910,6.067931525745921e-05,0,0
2911,4.2163083375754674e-05,0,0
2912,4.256790311245185e-05,0,0
2913,4.526473324358343e-05,0,0
2914,4.993137370692842e-05,0,0
2915,5.584433980796785e-05,0,0
2916,6.242854805699225e-05,0,0
2917,6.613885227080656e-05,0,0
2918,6.23779949138233e-05,0,0
2919,2.2733249574575525e-05,0,0
2920,4.255909058378605e-05,0,0
2921,4.2971286165725894e-05,0,0
2922,4.5717479996178176e-05,0,0
2923,5.0302639672601855e-05,0,0
2924,5.630669994064378e-05,0,0
2925,6.301509633663724e-05,0,0
2926,6.68185785143527e-05,0,0
2927,6.303175818952824e-05,0,0
2928,7.405309323053782e-05,0,0
2929,9.18695637073862e-05,0,0
2930,9.27529434638554e-05,0,0
2931,9.842916919818041e-05,0,0
2932,0.00010772587720656677,0,0
2933,0.00012064859850933511,0,0
2934,0.00013457700136039846,0,0
2935,0.0001424960424010826,0,0
2936,0.0001345725418101876,0,0
2937,4.3397988888061625e-05,0,0
2938,3.885071255986274e-05,0,0
2939,3.921191627759782e-05,0,0
2940,4.135491071410969e-05,0,0
2941,4.473559515370586e-05,0,0
2942,4.989596188195662e-05,0,0
2943,5.521356677542991e-05,0,0
2944,5.820695724185959e-05,0,0
2945,5.516953111529769e-05,0,0
2946,4.897078939083937e-05,0,0
2947,6.656652776058274e-05,0,0
2948,6.724577971725986e-05,0,0
2949,7.179648274411691e-05,0,0
2950,7.965595643729558e-05,0,0
2951,8.964786326416086e-05,0,0
2952,0.00010074783824227568,0,0
2953,0.00010702634076081266,0,0
2954,0.00010068284557573445,0,0
2955,2.8899148612090003e-05,0,0
2956,7.100094449119178e-05,0,0
2957,6.777015219497048e-05,0,0
2958,6.848545531434167e-05,0,0
2959,7.31527430027994e-05,0,0
2960,8.119369613254486e-05,0,0
2961,9.124250827212243e-05,0,0
2962,0.00010253961011429183,0,0
2963,0.00010889057539410604,0,0
2964,0.0001020791150708121,0,0
2965,2.972580749872873e-05,0,0
2966,0.00010645742984946658,0,0
2967,0.00010224234032251457,0,0
2968,0.0001031830191050336,0,0
2969,0.00010925427205913819,0,0
2970,0.00011939512707979892,0,0
2971,0.00013320761706748252,0,0
2972,0.0001480924954952665,0,0
2973,0.00015653803874649482,0,0
2974,0.00014801892467979495,0,0
2975,5.1890127206293655e-05,0,0
2976,3.76552139444785e-05,0,0
2977,3.689609217830324e-05,0,0
2978,3.7060277964872434e-05,0,0
2979,3.81493404842521e-05,0,0
2980,4.0036912713727826e-05,0,0
2981,4.242160017691165e-05,0,0
2982,4.5082496529705345e-05,0,0
2983,4.657696774064755e-05,0,0
2984,4.5056740152645286e-05,0,0
2985,0.00018801370290070726,0,0
2986,0.00019563034507938832,0,0
2987,0.00019692120288750722,0,0
2988,0.00020568951108390588,0,0
2989,0.00022077389998181965,0,0
2990,0.0002399291436147233,0,0
2991,0.00026126532752347015,0,0
2992,0.00027345027940264805,0,0
2993,0.0002612128150144798,0,0
2994,0.00012312612720042848,0,0
2995,5.007640558247712e-05,0,0
2996,4.7837744308761756e-05,0,0
2997,4.836461331827224e-05,0,0
2998,5.1620228893957753e-05,0,0
2999,5.692102658467814e-05,0,0
3000,6.452624705051028e-05,0,0
3001,7.255682654958587e-05,0,0
3002,7.708769207753083e-05,0,0
3003,7.250119423933373e-05,0,0
3004,2.0733492247542847e-05,0,0
3005,5.16564420090141e-05,0,0
3006,4.927083714270396e-05,0,0
3007,4.978219672822894e-05,0,0
3008,5.319586389122007e-05,0,0
3009,5.909898184717705e-05,0,0
3010,6.735375418978772e-05,0,0
3011,7.393146446603235e-05,0,0
3012,7.900181708176727e-05,0,0
3013,7.674537908108563e-05,0,0
3014,2.7345465491646405e-05,0,0
3015,5.339694004092199e-05,0,0
3016,5.949855564142896e-05,0,0
3017,6.293569084489313e-05,0,0
3018,5.9450348089692854e-05,0,0
3019,2.0139330033460113e-05,0,0
3020,7.022392667033788e-05,0,0
3021,6.702451139414462e-05,0,0
3022,6.770741100959392e-05,0,0
3023,7.228279364986437e-05,0,0
3024,8.018479878964519e-05,0,0
3025,9.023080260554701e-05,0,0
3026,0.00010139128259866038,0,0
3027,0.00010770445545045248,0,0
3028,0.0001013262118321653,0,0
3029,2.9320036705258123e-05,0,0
3030,0.00011289966549167092,0,0
3031,0.00010846770753369787,0,0
3032,0.00010940689863696852,0,0
3033,0.00011573474353023976,0,0
3034,0.0001266457588197153,0,0
3035,0.00014056064713914598,0,0
3036,0.00015598559177015326,0,0
3037,0.0001647413732500007,0,0
3038,0.00015591115309062406,0,0
3039,5.6281354096493486e-05,0,0
3040,7.314962776433548e-05,0,0
3041,6.984597955188562e-05,0,0
3042,7.055070241345579e-05,0,0
3043,7.527428119923131e-05,0,0
3044,7.94771065193776e-05,0,0
3045,8.915187431447412e-05,0,0
3046,0.00010081441624484136,0,0
3047,0.00010832839015140708,0,0
3048,0.00010345341748253175,0,0
3049,3.111702945896125e-05,0,0
3050,4.4311818447914384e-05,0,0
3051,4.567416903576418e-05,0,0
3052,4.431677057191345e-05,0,0
3053,2.8791822558831455e-05,0,0
3054,3.9542590088014776e-05,0,0
3055,3.818634391758545e-05,0,0
3056,3.852533865754683e-05,0,0
3057,4.0520089849117396e-05,0,0
3058,4.364439460460262e-05,0,0
3059,0.0001685236739196573,0,0
3060,0.00016801502671152645,0,0
3061,0.00017194082707698555,0,0
3062,0.00017690003846231373,0,0
3063,0.00015836452654708315,0,0
3064,0.0001976988216707576,0,0
3065,0.0002824239327467686,0,0
3066,0.00028922588548416684,0,0
3067,0.0002818299670383067,0,0
3068,0.00017005237575841843,0,0
3069,0.00013623458191223763,0,0
3070,0.00023197755030397436,0,0
3071,0.00024615090279167,0,0
3072,0.00025199526849805693,0,0
3073,0.00020815712940701748,0,0
3074,0.00014338420797077508,0,0
3075,0.00018604206758336472,0,0
3076,0.00019820263621261256,0,0
3077,0.00020790479434494046,0,0
3078,0.00020400739055534688,0,0
3079,0.00011089322400338807,0,0
3080,0.00015018835250677384,0,0
3081,0.0001589561880666498,0,0
3082,0.00016683546833303836,0,0
3083,0.00016503094157615183,0,0
3084,9.330755828615376e-05,0,0
3085,0.00018412338282632838,0,0
3086,0.00019270117645278065,0,0
3087,0.0002010361131045009,0,0
3088,0.00019995729075045804,0,0
3089,0.00012650429419140894,0,0
3090,0.00019224932788171196,0,0
3091,0.00020396927137340633,0,0
3092,0.00021362061527740016,0,0
3093,0.0002101975895606917,0,0
3094,0.00011888432177755719,0,0
3095,0.00018330408837222367,0,0
3096,0.0001923632425465029,0,0
3097,0.0002008793740726926,0,0
3098,0.00019942000416735807,0,0
3099,0.00012317065272109742,0,0
3100,0.00019982113439802226,0,0
3101,0.000210760815374761,0,0
3102,0.00022026894893713056,0,0
3103,0.00021764995218497775,0,0
3104,0.0001300001684233762,0,0
3105,0.00017878294724043244,0,0
3106,0.00018967321191180287,0,0
3107,0.00019876771717242713,0,0
3108,0.0001954257999414712,0,0
